Structural_System,Number_of_Stories,Construction_Year,Seismic_Design_Level,Site_Class,Plan_Irregularity_Index,Retrofit_Level,Peak_Ground_Acceleration_g,Spectral_Acceleration_1p0s_g,Design_Base_Shear_Ratio,Redundancy_Index,Estimated_Peak_Interstory_Drift_Ratio_pct,Residual_Drift_Ratio_pct,Damage_State_Class
RC_Moment_Frame,4,1998,Moderate_Code,C,0.297,No_Retrofit,0.468,0.575,0.097,0.920,1.241,0.211,Extensive
RC_Shear_Wall,18,2010,High_Code,D,0.172,No_Retrofit,0.464,0.584,0.138,NaN,0.847,0.041,Moderate
RC_Moment_Frame,17,NaN,High_Code,D,0.126,No_Retrofit,0.415,0.809,0.110,0.933,1.838,0.461,Extensive
RC_Shear_Wall,6,2013,High_Code,C,0.210,No_Retrofit,0.050,0.057,0.151,0.972,0.080,0.000,No_Damage
RC_Moment_Frame,1,1965,Pre_Code,C,0.384,Partial_Retrofit,0.422,0.567,0.077,0.911,1.253,0.251,Extensive
Unreinforced_Masonry,1,1954,Pre_Code,D,0.315,No_Retrofit,0.485,0.641,0.040,0.747,2.149,0.261,Complete
Steel_Moment_Frame,3,1971,Pre_Code,D,0.483,NaN,0.154,0.235,0.066,0.927,0.675,0.002,Moderate
RC_Shear_Wall,15,2004,Moderate_Code,C,0.047,No_Retrofit,0.553,0.707,0.110,0.931,0.822,0.058,Moderate
RC_Moment_Frame,4,1988,NaN,C,0.077,No_Retrofit,0.280,0.393,0.111,1.011,0.551,0.000,Slight
Steel_Moment_Frame,19,1994,Low_Code,NaN,0.200,No_Retrofit,0.118,0.191,0.059,0.855,0.900,0.038,Moderate
Steel_Braced_Frame,2,1977,Moderate_Code,D,0.221,No_Retrofit,0.446,0.531,0.114,0.964,0.647,0.009,Moderate
RC_Shear_Wall,19,2017,High_Code,C,0.111,No_Retrofit,0.368,0.522,0.123,0.834,0.812,NaN,Moderate
NaN,NaN,1979,Moderate_Code,D,0.276,Partial_Retrofit,0.065,0.109,0.096,0.828,0.162,0.006,No_Damage
Unreinforced_Masonry,3,1985,Low_Code,C,0.206,No_Retrofit,0.198,0.230,0.054,0.753,0.667,NaN,Extensive
Unreinforced_Masonry,1,1984,NaN,D,0.208,Extensive_Retrofit,0.626,0.904,0.081,0.930,0.928,0.134,Extensive
RC_Shear_Wall,1,1968,Low_Code,C,0.162,No_Retrofit,0.413,0.428,NaN,NaN,0.396,0.039,Moderate
Steel_Moment_Frame,1,1997,Moderate_Code,E,0.276,No_Retrofit,0.323,0.433,0.123,0.939,0.637,0.000,Slight
RC_Moment_Frame,4,1981,Low_Code,D,0.282,Partial_Retrofit,0.160,0.228,0.098,0.912,0.335,0.056,Slight
RC_Shear_Wall,5,1981,Moderate_Code,D,0.196,No_Retrofit,0.081,0.111,NaN,0.942,0.113,NaN,No_Damage
Steel_Braced_Frame,1,1998,NaN,D,0.015,NaN,0.175,0.234,0.130,1.032,0.188,0.012,No_Damage
RC_Shear_Wall,5,1990,Moderate_Code,E,0.275,No_Retrofit,0.241,0.333,0.124,0.916,NaN,0.008,Slight
RC_Shear_Wall,1,1964,Pre_Code,D,0.295,No_Retrofit,0.219,0.265,0.085,0.988,0.297,0.019,Moderate
RC_Shear_Wall,NaN,1984,Moderate_Code,C,NaN,No_Retrofit,0.103,0.116,0.129,0.974,0.096,0.004,No_Damage
Steel_Moment_Frame,4,2011,Moderate_Code,D,0.347,Extensive_Retrofit,0.264,0.375,0.140,1.024,0.384,0.008,Slight
NaN,7,1996,Low_Code,D,0.122,No_Retrofit,0.230,0.345,NaN,0.979,0.661,0.009,Slight
RC_Moment_Frame,18,1996,Moderate_Code,D,0.340,Partial_Retrofit,0.462,0.853,0.087,0.812,2.244,0.694,Complete
Unreinforced_Masonry,3,1969,NaN,C,0.369,Partial_Retrofit,0.119,0.136,0.042,0.775,0.395,0.023,Moderate
Steel_Braced_Frame,7,1972,Pre_Code,C,0.359,No_Retrofit,0.121,NaN,0.062,0.876,0.388,0.000,Slight
Steel_Braced_Frame,6,1986,Low_Code,C,0.102,No_Retrofit,0.105,0.115,NaN,NaN,0.115,0.013,No_Damage
RC_Shear_Wall,2,1999,Moderate_Code,E,0.198,Partial_Retrofit,0.320,0.404,0.140,0.961,0.333,0.000,Slight
Unreinforced_Masonry,7,NaN,Pre_Code,C,NaN,Extensive_Retrofit,0.058,0.064,0.035,NaN,0.272,0.000,Slight
RC_Moment_Frame,3,1987,Low_Code,E,0.099,No_Retrofit,0.647,0.967,0.093,0.912,1.693,0.341,Extensive
RC_Shear_Wall,2,1977,Moderate_Code,D,0.186,No_Retrofit,0.505,0.646,0.130,0.964,0.605,0.017,Moderate
Steel_Moment_Frame,10,2011,Low_Code,D,0.278,NaN,0.204,0.392,0.083,0.903,0.775,0.000,Moderate
Steel_Moment_Frame,11,2016,High_Code,D,0.208,No_Retrofit,0.109,NaN,0.138,0.939,0.296,0.002,No_Damage
Steel_Moment_Frame,10,1973,Pre_Code,B,0.261,NaN,0.444,0.706,0.063,1.005,1.799,0.355,Extensive
Steel_Moment_Frame,NaN,1994,Low_Code,C,0.165,Partial_Retrofit,0.299,0.364,0.098,1.125,0.342,0.021,Slight
RC_Moment_Frame,3,NaN,Low_Code,B,0.478,No_Retrofit,0.057,0.063,0.073,0.823,0.197,0.000,No_Damage
RC_Moment_Frame,5,2021,Moderate_Code,D,0.125,No_Retrofit,0.291,0.439,0.100,1.027,0.763,0.032,Slight
Unreinforced_Masonry,4,1952,Low_Code,C,0.359,Partial_Retrofit,0.421,0.493,0.071,0.792,0.660,0.076,Complete
Steel_Moment_Frame,3,1994,Low_Code,D,0.320,No_Retrofit,0.392,0.492,0.095,0.924,1.222,0.108,Extensive
RC_Shear_Wall,5,1999,High_Code,NaN,0.186,No_Retrofit,0.394,0.437,0.164,1.040,0.298,0.028,Slight
RC_Moment_Frame,3,NaN,Moderate_Code,C,0.060,No_Retrofit,0.704,0.886,0.118,0.986,1.192,0.165,Extensive
Steel_Moment_Frame,14,1985,Moderate_Code,C,0.095,Partial_Retrofit,0.725,1.232,0.095,0.974,1.808,0.418,Extensive
Steel_Braced_Frame,3,1977,Low_Code,E,0.259,No_Retrofit,0.204,0.312,0.089,0.938,0.419,0.000,Slight
RC_Moment_Frame,7,1992,Low_Code,D,0.229,No_Retrofit,0.135,0.185,0.075,0.895,0.555,0.016,Slight
RC_Moment_Frame,2,NaN,Pre_Code,C,0.273,No_Retrofit,0.340,0.412,0.050,0.788,NaN,0.334,Complete
Steel_Moment_Frame,4,1965,Pre_Code,D,0.235,NaN,0.482,0.721,0.061,1.021,1.912,0.492,Complete
Steel_Moment_Frame,4,1989,Moderate_Code,B,0.333,No_Retrofit,0.728,NaN,0.116,0.995,1.398,0.250,Extensive
RC_Moment_Frame,3,1956,Pre_Code,E,0.492,Partial_Retrofit,0.160,0.246,0.070,0.945,0.796,0.104,Extensive
RC_Shear_Wall,8,1986,Low_Code,D,0.182,NaN,0.286,0.370,0.102,0.987,0.588,0.052,Moderate
RC_Shear_Wall,18,2002,High_Code,C,0.116,Partial_Retrofit,0.212,0.293,0.143,0.897,0.250,0.002,Slight
Steel_Moment_Frame,20,2018,Moderate_Code,D,0.306,No_Retrofit,0.230,0.384,0.089,0.845,0.980,0.057,Moderate
RC_Shear_Wall,11,1998,High_Code,B,0.153,No_Retrofit,0.240,0.253,0.137,1.004,0.211,0.014,No_Damage
Steel_Moment_Frame,6,1956,Low_Code,E,0.339,Extensive_Retrofit,NaN,0.749,0.084,1.103,1.362,0.265,Extensive
Steel_Moment_Frame,17,2016,High_Code,C,0.233,NaN,0.104,0.170,0.112,0.871,0.371,0.026,No_Damage
RC_Moment_Frame,1,NaN,High_Code,D,0.159,No_Retrofit,0.306,NaN,0.141,0.918,0.391,0.000,Slight
RC_Shear_Wall,NaN,1987,Pre_Code,C,0.062,No_Retrofit,0.472,0.584,0.097,0.966,0.566,0.034,Moderate
Unreinforced_Masonry,1,1966,Pre_Code,D,0.350,No_Retrofit,0.244,0.339,0.032,0.766,NaN,0.389,Complete
Steel_Moment_Frame,1,2005,Moderate_Code,D,0.188,Partial_Retrofit,0.201,0.262,NaN,0.949,0.300,0.012,No_Damage
Unreinforced_Masonry,7,1981,Low_Code,NaN,0.070,Extensive_Retrofit,0.425,0.524,0.067,0.964,NaN,0.086,Extensive
Unreinforced_Masonry,3,NaN,Moderate_Code,D,0.298,No_Retrofit,0.435,0.534,0.077,0.790,1.198,0.211,Complete
RC_Moment_Frame,14,1970,Low_Code,E,0.249,Partial_Retrofit,NaN,1.067,0.065,0.912,4.014,1.800,Complete
RC_Moment_Frame,1,1959,Pre_Code,B,0.301,Partial_Retrofit,0.464,0.535,0.086,0.923,0.862,0.145,Extensive
Steel_Braced_Frame,2,2014,High_Code,C,0.187,No_Retrofit,0.536,0.639,0.145,1.014,0.473,0.018,Slight
Steel_Braced_Frame,6,1951,Low_Code,C,0.491,No_Retrofit,0.286,0.374,0.103,0.882,0.669,0.024,Moderate
Steel_Braced_Frame,1,2004,Moderate_Code,E,0.059,No_Retrofit,0.689,0.928,0.132,0.950,0.710,0.014,Moderate
Steel_Moment_Frame,15,2002,Moderate_Code,C,0.188,No_Retrofit,0.395,0.699,0.076,0.890,NaN,0.290,Extensive
RC_Moment_Frame,3,2006,Moderate_Code,D,0.187,No_Retrofit,0.815,1.012,0.112,0.876,1.830,0.647,Extensive
RC_Moment_Frame,NaN,1994,Moderate_Code,D,0.256,No_Retrofit,0.138,0.226,0.096,NaN,0.681,0.023,Slight
Steel_Braced_Frame,17,1986,Low_Code,C,0.233,NaN,0.715,1.162,0.069,0.774,3.515,0.559,Complete
RC_Moment_Frame,2,2002,High_Code,C,0.238,Partial_Retrofit,0.143,0.163,0.133,0.994,0.197,0.000,No_Damage
Unreinforced_Masonry,1,1960,Low_Code,C,NaN,Partial_Retrofit,0.256,0.295,0.068,0.835,0.664,0.052,Extensive
RC_Moment_Frame,16,2020,High_Code,C,0.032,Partial_Retrofit,0.106,NaN,NaN,0.885,0.223,0.040,No_Damage
NaN,17,1986,Low_Code,C,0.055,No_Retrofit,0.181,0.265,NaN,NaN,0.377,0.011,Slight
RC_Shear_Wall,15,2016,High_Code,B,0.097,No_Retrofit,0.235,0.318,0.144,0.922,0.378,0.003,Slight
RC_Shear_Wall,NaN,2018,High_Code,E,0.110,No_Retrofit,0.287,0.438,0.129,0.961,0.466,0.000,Slight
Unreinforced_Masonry,2,1965,Low_Code,E,0.236,Partial_Retrofit,0.159,0.226,0.063,0.901,0.501,0.050,Moderate
Unreinforced_Masonry,1,1979,Moderate_Code,C,0.139,NaN,0.310,0.334,0.100,0.769,0.458,0.030,Moderate
Steel_Moment_Frame,3,1969,Pre_Code,C,0.351,Partial_Retrofit,0.091,0.111,0.069,0.956,0.210,0.035,No_Damage
Steel_Moment_Frame,17,2000,High_Code,B,0.168,Partial_Retrofit,0.197,0.295,NaN,NaN,0.458,0.011,Slight
RC_Shear_Wall,5,2003,High_Code,D,0.098,Partial_Retrofit,0.081,0.098,0.162,0.964,0.080,0.004,No_Damage
Unreinforced_Masonry,1,1959,Low_Code,D,0.168,No_Retrofit,0.416,0.564,0.058,0.779,1.399,0.252,Complete
RC_Moment_Frame,NaN,1985,Low_Code,C,0.177,Partial_Retrofit,0.195,NaN,0.097,0.984,0.288,NaN,Slight
Steel_Braced_Frame,1,1957,Pre_Code,C,0.202,No_Retrofit,0.194,NaN,0.072,0.917,0.342,0.041,Moderate
Unreinforced_Masonry,2,1962,Pre_Code,D,0.327,No_Retrofit,0.204,0.272,0.037,0.700,1.216,0.151,Complete
Steel_Moment_Frame,14,2010,High_Code,D,0.154,No_Retrofit,0.253,0.488,0.127,1.090,0.620,0.024,Slight
RC_Moment_Frame,6,1985,Low_Code,B,0.145,NaN,0.092,NaN,0.066,0.953,NaN,0.003,Slight
Steel_Moment_Frame,16,2022,High_Code,D,0.089,NaN,0.091,0.147,0.095,0.944,0.377,0.000,No_Damage
NaN,6,1991,Low_Code,C,0.339,No_Retrofit,0.113,0.153,0.081,0.817,0.522,NaN,Moderate
RC_Moment_Frame,NaN,2020,High_Code,C,NaN,No_Retrofit,0.531,0.644,0.132,0.934,0.933,0.081,Moderate
RC_Shear_Wall,14,1994,Low_Code,D,NaN,No_Retrofit,0.201,0.280,0.086,0.934,0.370,0.004,Slight
RC_Shear_Wall,8,1996,NaN,D,0.138,No_Retrofit,0.375,0.572,0.153,0.887,0.449,0.000,Slight
NaN,6,2018,High_Code,C,0.072,No_Retrofit,0.145,0.173,0.138,0.981,0.194,0.012,No_Damage
RC_Shear_Wall,10,1958,Pre_Code,E,0.356,NaN,NaN,0.347,0.055,NaN,0.930,0.134,Extensive
RC_Moment_Frame,4,1965,Pre_Code,C,0.266,No_Retrofit,0.127,0.150,0.050,0.991,0.577,0.014,Moderate
RC_Moment_Frame,5,NaN,Moderate_Code,D,0.125,No_Retrofit,0.143,0.230,0.113,NaN,0.371,0.000,Slight
RC_Shear_Wall,4,1975,Pre_Code,D,0.118,No_Retrofit,0.275,0.363,0.090,1.040,0.441,0.006,Moderate
Unreinforced_Masonry,NaN,1951,Pre_Code,E,0.435,Extensive_Retrofit,0.242,0.367,0.067,NaN,0.903,0.093,Complete
Steel_Moment_Frame,2,2019,High_Code,E,0.046,No_Retrofit,NaN,0.194,0.147,1.033,0.159,0.010,No_Damage
Steel_Moment_Frame,NaN,1983,Moderate_Code,B,0.077,No_Retrofit,0.425,0.474,0.107,1.083,0.631,0.000,Slight
Steel_Braced_Frame,4,1958,Low_Code,E,0.097,Extensive_Retrofit,NaN,1.032,0.127,1.136,0.656,0.000,Slight
Unreinforced_Masonry,2,1975,NaN,D,0.272,Partial_Retrofit,0.271,0.362,0.057,0.873,0.674,0.070,Extensive
Steel_Braced_Frame,6,2003,Moderate_Code,D,0.040,No_Retrofit,0.401,0.473,0.130,0.943,0.531,0.000,Slight
Unreinforced_Masonry,5,1959,Low_Code,C,0.173,No_Retrofit,0.585,0.711,0.039,0.804,2.981,0.552,Complete
Unreinforced_Masonry,1,1983,Low_Code,D,0.326,No_Retrofit,0.511,0.585,0.061,0.762,1.703,0.194,Complete
RC_Shear_Wall,5,1998,Moderate_Code,D,0.273,Partial_Retrofit,0.178,0.239,0.144,0.960,0.188,0.011,Slight
RC_Shear_Wall,10,2001,Moderate_Code,C,0.179,No_Retrofit,0.339,0.494,0.126,0.987,0.471,NaN,Slight
Steel_Braced_Frame,3,NaN,Pre_Code,E,0.303,Partial_Retrofit,0.087,0.131,0.082,0.980,0.221,0.019,Slight
Unreinforced_Masonry,1,1985,Pre_Code,NaN,0.073,Partial_Retrofit,0.177,0.184,0.050,0.926,0.281,0.008,Slight
Steel_Moment_Frame,3,1973,Pre_Code,NaN,0.279,No_Retrofit,0.160,0.187,0.060,1.042,0.417,0.033,Slight
Unreinforced_Masonry,2,1971,Pre_Code,D,0.231,No_Retrofit,0.118,0.127,0.030,0.766,0.667,0.106,Extensive
RC_Shear_Wall,18,2009,Low_Code,D,0.042,No_Retrofit,0.291,0.432,0.085,0.827,0.735,0.068,Moderate
NaN,16,2003,High_Code,D,0.085,No_Retrofit,NaN,0.244,0.123,0.908,0.312,0.021,Slight
Steel_Braced_Frame,4,1963,NaN,B,0.408,No_Retrofit,0.300,0.397,0.078,0.958,0.811,0.052,Extensive
RC_Shear_Wall,15,2003,Moderate_Code,E,0.149,Partial_Retrofit,0.340,0.540,0.138,0.919,0.506,0.021,Slight
RC_Shear_Wall,9,1964,Low_Code,B,0.392,No_Retrofit,0.205,0.236,0.089,0.927,0.410,0.007,Slight
RC_Moment_Frame,2,1987,Low_Code,C,NaN,No_Retrofit,0.096,NaN,0.092,0.887,0.264,0.018,No_Damage
RC_Moment_Frame,12,1954,Pre_Code,B,0.204,NaN,0.132,0.213,0.074,0.978,0.524,0.001,Slight
Steel_Moment_Frame,4,1969,Low_Code,D,0.316,Partial_Retrofit,0.454,0.555,0.096,0.986,0.978,0.050,Moderate
Steel_Moment_Frame,8,NaN,Low_Code,E,0.176,No_Retrofit,0.763,1.251,0.075,0.952,4.358,1.201,Complete
RC_Moment_Frame,12,2002,High_Code,D,0.329,No_Retrofit,0.080,0.146,0.115,0.731,0.382,NaN,Slight
Unreinforced_Masonry,1,1959,Low_Code,D,0.137,No_Retrofit,0.240,0.343,0.064,0.758,0.698,0.082,Complete
Unreinforced_Masonry,1,1967,Low_Code,B,0.252,Partial_Retrofit,0.675,0.631,NaN,0.794,0.887,0.137,Complete
Steel_Braced_Frame,3,NaN,Pre_Code,NaN,0.160,No_Retrofit,0.118,0.175,0.088,1.004,0.202,0.002,Slight
Steel_Moment_Frame,5,NaN,High_Code,C,0.256,No_Retrofit,0.617,0.903,0.134,0.964,0.970,0.045,Moderate
RC_Moment_Frame,13,2009,High_Code,D,0.366,No_Retrofit,0.249,NaN,0.116,0.791,0.943,0.074,Moderate
RC_Moment_Frame,10,2017,Moderate_Code,B,0.119,NaN,0.279,0.447,0.109,0.904,0.737,0.023,Slight
Steel_Braced_Frame,1,2019,High_Code,D,0.110,No_Retrofit,NaN,0.260,0.148,0.996,0.192,0.001,No_Damage
Steel_Braced_Frame,6,NaN,Moderate_Code,D,0.198,No_Retrofit,0.250,0.334,0.124,1.009,0.386,0.004,Slight
Steel_Braced_Frame,5,1981,Low_Code,D,0.053,No_Retrofit,0.154,0.198,0.094,1.043,NaN,0.000,No_Damage
Steel_Braced_Frame,3,1953,Low_Code,D,0.463,No_Retrofit,0.700,0.906,0.102,0.873,1.618,0.324,Complete
RC_Shear_Wall,2,2007,Moderate_Code,C,0.028,No_Retrofit,0.413,0.496,0.150,0.940,0.416,0.028,Slight
Unreinforced_Masonry,2,1971,Pre_Code,D,0.251,No_Retrofit,0.277,0.376,0.035,0.758,1.395,0.275,Complete
RC_Moment_Frame,15,2007,Moderate_Code,NaN,0.275,Partial_Retrofit,0.381,0.639,0.090,0.956,1.296,0.199,Extensive
Unreinforced_Masonry,3,1974,Low_Code,E,NaN,No_Retrofit,0.227,0.317,0.054,0.791,0.946,NaN,Complete
RC_Shear_Wall,7,1950,Pre_Code,D,0.428,No_Retrofit,0.301,0.357,0.071,0.803,1.042,0.158,Extensive
Steel_Moment_Frame,15,2005,NaN,C,0.031,Extensive_Retrofit,0.198,0.353,0.128,1.051,0.235,0.008,No_Damage
RC_Moment_Frame,4,2011,Moderate_Code,E,0.080,NaN,0.351,0.565,0.101,0.977,0.745,0.011,Moderate
RC_Moment_Frame,8,1996,High_Code,D,NaN,No_Retrofit,0.214,0.341,0.120,0.936,0.472,0.017,Slight
Steel_Braced_Frame,9,1981,Moderate_Code,B,NaN,No_Retrofit,0.330,0.435,0.119,0.834,0.706,0.037,Moderate
NaN,3,1952,Pre_Code,D,0.323,No_Retrofit,0.672,0.819,0.034,0.757,4.210,0.581,Complete
RC_Moment_Frame,4,NaN,Low_Code,C,NaN,Partial_Retrofit,0.278,0.288,0.096,0.937,0.390,NaN,Slight
Steel_Moment_Frame,3,2018,Moderate_Code,D,0.247,No_Retrofit,0.120,0.177,0.127,0.929,NaN,0.000,No_Damage
RC_Moment_Frame,3,2005,Moderate_Code,NaN,0.369,No_Retrofit,0.135,0.175,0.100,0.838,0.510,0.026,Slight
Unreinforced_Masonry,1,1953,Pre_Code,E,0.422,No_Retrofit,0.333,NaN,0.041,0.707,1.969,NaN,Complete
RC_Moment_Frame,4,1983,Moderate_Code,D,0.311,No_Retrofit,0.451,0.580,0.099,0.877,1.109,0.140,Extensive
Steel_Moment_Frame,7,1997,Moderate_Code,C,0.343,No_Retrofit,0.480,0.740,0.110,0.896,1.625,0.196,Extensive
Unreinforced_Masonry,2,1963,NaN,D,0.301,No_Retrofit,0.287,0.334,0.033,0.747,1.960,0.278,Complete
Unreinforced_Masonry,1,1961,Pre_Code,C,0.340,No_Retrofit,0.151,0.176,0.030,NaN,1.156,0.110,Complete
RC_Moment_Frame,13,1991,Low_Code,D,NaN,Partial_Retrofit,0.434,0.716,0.078,NaN,1.697,0.393,Extensive
Steel_Braced_Frame,2,1992,Low_Code,D,0.116,No_Retrofit,0.102,0.139,0.117,0.820,0.140,0.028,No_Damage
NaN,3,1972,Low_Code,B,0.357,No_Retrofit,0.194,0.201,NaN,0.726,0.585,0.072,Extensive
RC_Shear_Wall,NaN,2021,High_Code,C,0.183,No_Retrofit,0.679,1.089,0.153,1.012,0.759,0.033,Moderate
RC_Moment_Frame,14,NaN,Pre_Code,D,0.473,Extensive_Retrofit,0.401,0.714,0.051,0.792,3.559,1.506,Complete
RC_Moment_Frame,2,2021,High_Code,D,0.107,No_Retrofit,NaN,0.086,0.120,0.982,0.138,NaN,No_Damage
RC_Shear_Wall,5,1990,Moderate_Code,B,0.121,Partial_Retrofit,0.143,0.161,0.155,1.084,0.080,0.005,No_Damage
NaN,12,1987,Moderate_Code,B,0.114,Partial_Retrofit,0.455,0.710,0.096,0.865,1.320,0.169,Moderate
RC_Moment_Frame,1,1958,Pre_Code,C,0.367,No_Retrofit,0.386,NaN,0.054,0.846,1.674,0.448,Complete
RC_Moment_Frame,15,1990,Low_Code,E,0.311,No_Retrofit,0.399,0.691,0.068,0.700,3.802,1.331,Complete
Steel_Braced_Frame,6,1987,Pre_Code,B,NaN,No_Retrofit,0.128,0.139,0.064,0.951,0.268,0.000,Slight
Steel_Braced_Frame,6,1951,Low_Code,NaN,0.424,Partial_Retrofit,0.743,1.087,0.115,0.901,1.363,0.128,Extensive
NaN,5,1980,Low_Code,B,0.107,No_Retrofit,0.133,NaN,0.102,0.867,0.160,0.019,Slight
Steel_Braced_Frame,7,2020,Moderate_Code,D,0.134,No_Retrofit,0.284,0.412,0.115,1.059,0.368,0.011,Slight
Steel_Braced_Frame,1,1969,Pre_Code,C,0.434,Extensive_Retrofit,0.387,0.397,0.103,0.944,0.492,0.000,Moderate
RC_Moment_Frame,8,2001,Moderate_Code,D,0.157,NaN,0.074,0.105,0.108,0.932,0.150,0.013,No_Damage
NaN,1,1983,Low_Code,C,0.073,No_Retrofit,0.494,0.566,NaN,1.029,1.035,0.214,Extensive
NaN,2,2005,Moderate_Code,D,0.094,No_Retrofit,0.100,0.124,0.112,0.931,0.192,0.034,No_Damage
Steel_Braced_Frame,2,1963,Pre_Code,C,0.410,No_Retrofit,0.140,0.200,0.062,0.798,0.707,0.047,Extensive
Steel_Moment_Frame,NaN,1964,NaN,D,0.226,No_Retrofit,0.328,0.419,0.056,NaN,1.587,0.269,Extensive
Steel_Moment_Frame,7,1960,Low_Code,E,0.399,No_Retrofit,0.334,0.616,0.061,1.010,2.178,0.565,Complete
RC_Moment_Frame,3,1950,Low_Code,B,NaN,No_Retrofit,0.281,0.322,0.077,0.942,0.822,0.080,Moderate
RC_Moment_Frame,7,1970,Low_Code,D,0.361,No_Retrofit,0.269,0.469,0.057,0.897,1.635,0.311,Complete
Unreinforced_Masonry,2,1966,Low_Code,D,0.373,Extensive_Retrofit,0.276,0.364,0.079,0.828,0.463,0.039,Moderate
RC_Moment_Frame,5,NaN,High_Code,B,0.167,No_Retrofit,0.553,0.589,0.130,0.959,0.781,0.017,Moderate
RC_Shear_Wall,2,2010,Moderate_Code,C,0.099,No_Retrofit,0.112,0.121,NaN,0.993,0.080,0.038,No_Damage
Steel_Braced_Frame,4,2000,Moderate_Code,C,0.141,No_Retrofit,0.259,0.277,0.130,0.971,0.393,0.000,Slight
RC_Moment_Frame,6,1972,Pre_Code,D,0.189,No_Retrofit,0.142,0.211,0.056,0.929,0.861,0.073,Extensive
RC_Moment_Frame,16,1983,Low_Code,D,0.283,Partial_Retrofit,0.325,0.599,0.057,0.811,3.326,0.891,Complete
Steel_Braced_Frame,NaN,NaN,Low_Code,B,0.270,No_Retrofit,0.098,0.120,0.101,0.908,0.165,0.001,No_Damage
RC_Moment_Frame,2,1969,Pre_Code,D,0.443,Extensive_Retrofit,0.497,0.629,0.058,0.922,2.020,0.569,Complete
Unreinforced_Masonry,2,1954,Pre_Code,D,0.267,Extensive_Retrofit,0.686,0.908,0.067,0.856,NaN,0.377,Complete
RC_Shear_Wall,10,1984,Low_Code,E,0.267,No_Retrofit,0.228,0.346,0.093,0.863,0.677,0.039,Moderate
RC_Moment_Frame,11,1981,Low_Code,D,0.253,No_Retrofit,0.305,0.520,0.054,0.819,NaN,0.446,Complete
RC_Moment_Frame,2,1977,Moderate_Code,E,0.223,Partial_Retrofit,0.507,0.815,0.115,1.000,0.759,0.038,Moderate
Steel_Braced_Frame,NaN,2020,Moderate_Code,D,NaN,Extensive_Retrofit,0.378,NaN,0.166,1.058,NaN,0.000,No_Damage
Steel_Braced_Frame,8,1999,Low_Code,C,0.144,No_Retrofit,0.702,0.918,0.093,0.989,1.062,0.099,Extensive
Steel_Braced_Frame,4,1983,Low_Code,D,NaN,Partial_Retrofit,0.234,0.287,0.104,0.930,0.443,0.018,Moderate
RC_Moment_Frame,5,2014,High_Code,NaN,0.129,NaN,NaN,0.163,0.130,0.869,NaN,0.005,No_Damage
Steel_Moment_Frame,2,2008,NaN,C,0.130,No_Retrofit,0.139,0.185,0.127,0.966,0.171,0.010,No_Damage
Steel_Braced_Frame,2,1987,Low_Code,D,0.147,No_Retrofit,0.288,0.392,0.096,0.941,0.639,0.005,Slight
RC_Shear_Wall,11,1986,Low_Code,D,0.181,Partial_Retrofit,0.109,0.151,0.118,0.958,NaN,0.004,Slight
NaN,8,1982,NaN,D,0.276,No_Retrofit,0.241,0.376,0.069,0.958,0.875,0.091,Extensive
Steel_Braced_Frame,5,2022,High_Code,C,0.176,No_Retrofit,0.069,0.079,0.134,0.956,0.080,0.000,No_Damage
Steel_Braced_Frame,1,2013,High_Code,C,0.197,No_Retrofit,0.150,0.184,0.139,1.025,0.142,0.001,No_Damage
RC_Moment_Frame,3,1973,Pre_Code,D,0.196,No_Retrofit,0.114,0.176,0.058,0.937,0.582,0.000,Moderate
Steel_Braced_Frame,11,1986,Low_Code,D,0.082,No_Retrofit,0.299,NaN,0.091,0.846,0.803,0.074,Moderate
Steel_Moment_Frame,14,2004,High_Code,C,0.096,Partial_Retrofit,0.354,0.558,0.115,1.059,0.662,0.000,Slight
RC_Moment_Frame,12,1989,NaN,D,0.325,No_Retrofit,0.151,0.228,0.049,0.771,1.182,0.350,Extensive
Steel_Moment_Frame,19,1970,Pre_Code,D,0.311,No_Retrofit,0.704,1.350,0.039,0.828,5.500,1.564,Complete
Steel_Braced_Frame,5,2022,Moderate_Code,C,0.083,No_Retrofit,0.101,0.123,0.144,0.941,0.105,0.005,No_Damage
RC_Moment_Frame,2,NaN,High_Code,B,0.093,No_Retrofit,0.532,0.543,0.135,1.058,0.507,NaN,Slight
Unreinforced_Masonry,2,1950,Pre_Code,C,0.345,Partial_Retrofit,0.243,0.283,0.055,0.854,0.628,0.060,Extensive
Steel_Braced_Frame,15,2008,High_Code,E,0.091,NaN,0.165,0.285,0.111,0.866,0.606,0.010,Slight
RC_Moment_Frame,7,1996,High_Code,C,0.269,No_Retrofit,0.442,0.687,0.136,0.890,NaN,0.084,Moderate
Steel_Moment_Frame,2,1981,Low_Code,C,0.307,No_Retrofit,0.446,0.546,0.079,0.958,1.014,0.086,Moderate
NaN,3,NaN,Low_Code,C,NaN,No_Retrofit,0.192,NaN,0.087,1.042,0.436,0.017,Slight
NaN,4,1965,Low_Code,C,0.359,No_Retrofit,0.664,0.851,0.076,0.933,2.055,0.549,Complete
Steel_Braced_Frame,2,1997,Moderate_Code,B,0.261,Partial_Retrofit,0.096,NaN,0.155,0.901,0.080,0.018,No_Damage
Steel_Moment_Frame,1,1950,Pre_Code,C,0.467,No_Retrofit,NaN,0.220,0.080,0.852,0.768,0.008,Moderate
RC_Moment_Frame,4,1997,Moderate_Code,D,0.279,No_Retrofit,0.066,NaN,0.107,0.889,0.168,NaN,No_Damage
Steel_Braced_Frame,6,1952,Pre_Code,D,0.381,Partial_Retrofit,0.095,0.126,NaN,0.978,0.191,0.026,Slight
RC_Moment_Frame,5,1954,Pre_Code,C,0.331,No_Retrofit,0.148,0.191,0.053,0.894,NaN,0.082,Extensive
Steel_Braced_Frame,1,1961,Pre_Code,C,0.181,NaN,0.706,0.864,0.083,0.940,1.491,0.309,Extensive
RC_Moment_Frame,20,1961,Pre_Code,E,0.271,No_Retrofit,0.061,0.118,0.033,0.778,0.804,0.081,Extensive
RC_Moment_Frame,1,1998,High_Code,C,NaN,No_Retrofit,0.192,0.224,NaN,0.893,0.326,NaN,Slight
RC_Moment_Frame,1,2007,Moderate_Code,C,0.247,No_Retrofit,0.214,0.264,0.125,0.940,0.475,0.016,Slight
Steel_Moment_Frame,9,1984,Low_Code,C,0.151,Extensive_Retrofit,0.511,0.725,0.111,1.214,0.705,0.017,Slight
Unreinforced_Masonry,4,1953,Pre_Code,C,0.487,No_Retrofit,0.607,0.745,0.034,0.700,3.620,0.770,Complete
NaN,15,1988,Moderate_Code,D,0.141,No_Retrofit,0.316,NaN,0.098,0.976,0.944,0.031,Moderate
RC_Shear_Wall,4,1955,Pre_Code,C,0.469,No_Retrofit,0.653,0.805,0.103,0.825,NaN,0.141,Complete
Steel_Moment_Frame,4,1962,Pre_Code,NaN,0.248,NaN,0.355,NaN,NaN,1.044,1.025,0.092,Moderate
Steel_Braced_Frame,3,2018,Moderate_Code,B,0.135,No_Retrofit,0.609,0.788,0.127,0.959,0.688,0.008,Moderate
Unreinforced_Masonry,6,1962,Pre_Code,C,0.138,No_Retrofit,0.399,0.422,0.030,0.812,2.242,0.294,Complete
Steel_Moment_Frame,2,1990,NaN,D,0.064,No_Retrofit,0.143,0.209,0.088,1.154,0.232,0.000,Slight
Unreinforced_Masonry,1,1970,Low_Code,C,NaN,Partial_Retrofit,0.293,NaN,0.065,0.737,0.619,0.043,Extensive
RC_Shear_Wall,18,1993,Low_Code,D,NaN,No_Retrofit,0.421,0.592,0.092,0.898,0.863,0.076,Extensive
RC_Shear_Wall,4,1983,Pre_Code,C,0.034,No_Retrofit,0.172,0.220,0.083,0.918,0.322,NaN,Slight
RC_Moment_Frame,19,1998,Moderate_Code,D,0.207,No_Retrofit,0.231,0.409,0.088,0.804,1.182,0.208,Extensive
RC_Shear_Wall,7,1957,Low_Code,B,0.229,Partial_Retrofit,0.228,0.295,0.105,1.047,0.272,0.000,Slight
RC_Moment_Frame,14,NaN,Pre_Code,D,0.516,Extensive_Retrofit,0.754,1.395,0.052,0.803,5.500,1.800,Complete
Steel_Moment_Frame,5,NaN,Low_Code,C,0.299,Extensive_Retrofit,0.056,0.073,NaN,0.908,0.116,0.000,No_Damage
Steel_Braced_Frame,6,1968,Pre_Code,E,0.459,No_Retrofit,0.402,0.626,0.066,0.847,1.783,0.250,Complete
Unreinforced_Masonry,NaN,1972,Pre_Code,C,0.371,Partial_Retrofit,0.441,0.557,0.032,0.781,2.897,0.397,Complete
Steel_Moment_Frame,3,2018,High_Code,D,NaN,No_Retrofit,0.591,0.811,0.138,1.013,0.847,0.000,Moderate
Steel_Moment_Frame,10,2007,Moderate_Code,NaN,0.138,No_Retrofit,0.552,0.867,0.108,1.112,1.502,0.251,Extensive
Unreinforced_Masonry,2,NaN,Pre_Code,E,0.143,Partial_Retrofit,0.404,0.519,0.049,NaN,1.178,0.231,Complete
RC_Moment_Frame,3,NaN,Low_Code,B,0.233,No_Retrofit,0.203,0.192,0.080,0.861,0.417,0.005,Slight
RC_Shear_Wall,7,1991,Low_Code,C,NaN,No_Retrofit,0.155,0.204,0.100,0.910,0.264,0.000,Slight
Unreinforced_Masonry,1,1961,Pre_Code,D,NaN,Partial_Retrofit,0.236,0.314,0.067,0.772,0.695,0.068,Extensive
Steel_Moment_Frame,11,2001,Low_Code,B,0.304,No_Retrofit,0.257,0.346,0.079,0.963,0.867,0.029,Moderate
Steel_Braced_Frame,NaN,2005,High_Code,C,0.106,No_Retrofit,0.500,0.784,0.114,0.886,NaN,0.098,Moderate
RC_Moment_Frame,14,1975,Low_Code,E,0.347,No_Retrofit,0.297,0.593,0.048,0.848,2.848,0.836,Complete
Steel_Braced_Frame,5,1985,High_Code,E,0.055,No_Retrofit,0.124,0.187,0.139,1.012,0.210,0.000,Slight
RC_Shear_Wall,2,1986,Moderate_Code,C,0.131,No_Retrofit,0.369,0.474,0.148,0.980,0.353,0.000,Slight
Steel_Braced_Frame,13,2013,High_Code,E,0.253,No_Retrofit,0.179,0.274,0.140,0.831,NaN,0.007,Slight
RC_Moment_Frame,4,1996,NaN,D,0.206,No_Retrofit,0.125,0.166,0.099,0.891,0.306,0.000,No_Damage
RC_Moment_Frame,9,1986,Low_Code,C,0.189,No_Retrofit,0.130,0.197,0.088,0.802,0.505,0.022,Moderate
RC_Moment_Frame,16,1968,Pre_Code,NaN,0.328,Partial_Retrofit,0.082,0.132,0.043,0.837,0.753,0.058,Moderate
RC_Shear_Wall,13,2020,High_Code,D,0.193,No_Retrofit,0.376,0.511,NaN,0.919,0.572,NaN,Slight
Unreinforced_Masonry,3,1969,Pre_Code,E,NaN,No_Retrofit,0.341,0.547,0.030,0.778,3.417,0.447,Complete
Steel_Moment_Frame,NaN,1992,Moderate_Code,C,0.307,Partial_Retrofit,0.191,0.218,0.100,1.018,0.357,0.017,Slight
RC_Moment_Frame,9,1959,Pre_Code,D,0.472,No_Retrofit,0.673,1.048,0.033,NaN,5.500,1.800,Complete
RC_Moment_Frame,1,2006,Moderate_Code,B,0.118,No_Retrofit,NaN,0.205,0.087,0.935,NaN,0.021,Slight
RC_Moment_Frame,2,1950,NaN,B,0.277,Partial_Retrofit,0.123,0.138,0.106,0.929,0.219,0.000,Slight
RC_Shear_Wall,6,1978,Pre_Code,B,0.101,No_Retrofit,0.236,NaN,0.084,0.925,0.346,NaN,Slight
RC_Shear_Wall,12,NaN,NaN,E,0.213,No_Retrofit,0.157,0.238,0.137,0.896,0.284,NaN,No_Damage
RC_Shear_Wall,5,NaN,Low_Code,D,0.149,No_Retrofit,NaN,0.202,0.104,0.979,0.176,0.040,No_Damage
Unreinforced_Masonry,NaN,1956,Pre_Code,D,0.366,Partial_Retrofit,0.155,0.190,0.044,0.742,0.812,0.114,Complete
RC_Moment_Frame,2,1986,Low_Code,D,0.095,Partial_Retrofit,0.401,NaN,0.100,1.033,0.531,0.000,Moderate
Steel_Braced_Frame,4,NaN,Pre_Code,C,0.353,Partial_Retrofit,0.075,NaN,0.099,0.890,0.127,0.025,Slight
Steel_Moment_Frame,9,2007,Moderate_Code,C,0.282,No_Retrofit,0.167,0.248,0.103,0.972,0.452,0.000,Slight
RC_Moment_Frame,2,1953,Low_Code,C,0.370,Partial_Retrofit,0.683,0.913,0.082,0.900,2.220,0.745,Complete
Unreinforced_Masonry,6,1975,Pre_Code,C,0.075,No_Retrofit,0.240,0.256,0.030,0.881,1.069,0.139,Complete
NaN,13,1981,Low_Code,D,0.281,No_Retrofit,0.483,NaN,0.064,0.892,3.222,0.818,Complete
RC_Shear_Wall,8,2006,Low_Code,D,0.018,No_Retrofit,0.137,0.202,NaN,NaN,0.175,0.024,Slight
Unreinforced_Masonry,5,1986,NaN,B,0.156,No_Retrofit,0.230,0.277,0.047,0.708,0.863,0.109,Extensive
RC_Moment_Frame,17,1963,Low_Code,NaN,0.357,Extensive_Retrofit,0.277,0.475,0.070,0.900,1.219,0.179,Extensive
Unreinforced_Masonry,1,1970,Pre_Code,B,0.247,NaN,0.098,0.090,0.058,0.932,0.146,0.026,No_Damage
NaN,3,2003,Moderate_Code,C,0.079,No_Retrofit,0.133,0.161,0.135,0.953,0.112,0.022,No_Damage
RC_Shear_Wall,10,NaN,Pre_Code,E,0.155,No_Retrofit,0.453,0.655,0.074,0.987,1.034,0.068,Extensive
RC_Shear_Wall,NaN,2016,High_Code,D,0.294,No_Retrofit,0.157,0.196,0.154,0.882,0.204,0.033,No_Damage
Steel_Moment_Frame,12,NaN,High_Code,D,NaN,No_Retrofit,0.333,NaN,0.112,0.811,1.341,0.102,Moderate
Steel_Braced_Frame,17,2013,High_Code,C,0.146,No_Retrofit,0.489,0.929,0.120,0.817,1.266,0.095,Moderate
Steel_Moment_Frame,5,1979,Low_Code,C,0.215,No_Retrofit,0.167,0.231,0.093,0.956,NaN,0.027,Slight
RC_Moment_Frame,4,1986,Low_Code,B,0.090,Partial_Retrofit,0.343,0.472,0.090,0.977,0.586,0.005,Slight
RC_Moment_Frame,12,1995,High_Code,E,0.133,No_Retrofit,0.229,0.470,0.102,0.866,0.922,0.064,Moderate
RC_Moment_Frame,6,1982,NaN,D,NaN,No_Retrofit,0.522,0.715,0.082,0.880,1.711,0.470,Extensive
Steel_Braced_Frame,9,1963,Low_Code,C,0.423,No_Retrofit,NaN,0.398,NaN,NaN,1.002,0.069,Extensive
RC_Shear_Wall,19,2017,High_Code,D,0.140,No_Retrofit,0.505,0.910,0.124,0.808,NaN,0.083,Extensive
Steel_Moment_Frame,13,2019,High_Code,D,0.136,NaN,0.338,0.561,0.122,0.995,0.805,0.000,Slight
RC_Shear_Wall,1,1988,Low_Code,D,0.058,Partial_Retrofit,0.427,0.493,0.134,1.076,0.258,0.015,Slight
RC_Moment_Frame,7,1972,Pre_Code,NaN,0.288,Extensive_Retrofit,0.308,0.505,0.086,1.088,0.706,0.007,Moderate
NaN,3,1977,Low_Code,D,0.161,No_Retrofit,0.141,0.188,0.048,0.865,0.733,0.063,Extensive
Steel_Braced_Frame,NaN,2018,Moderate_Code,D,0.054,No_Retrofit,0.660,0.876,0.136,1.000,0.660,NaN,Moderate
Steel_Braced_Frame,1,2022,High_Code,B,0.067,No_Retrofit,NaN,0.127,0.149,0.947,0.088,0.016,No_Damage
Steel_Braced_Frame,NaN,1974,Low_Code,B,0.259,Partial_Retrofit,0.490,0.623,0.096,0.974,0.862,0.074,Moderate
Steel_Moment_Frame,5,1975,Pre_Code,C,0.156,NaN,0.123,0.172,0.068,1.020,0.389,0.040,Slight
Steel_Braced_Frame,1,2016,Moderate_Code,B,0.027,No_Retrofit,0.284,0.320,NaN,0.967,0.278,0.028,Slight
RC_Moment_Frame,4,1994,Low_Code,D,0.216,No_Retrofit,0.279,0.347,0.085,0.950,0.720,0.050,Moderate
RC_Shear_Wall,1,1976,Moderate_Code,D,0.196,No_Retrofit,0.147,0.177,0.129,0.883,0.173,0.014,Slight
Steel_Braced_Frame,1,2011,NaN,C,0.210,No_Retrofit,0.132,0.166,0.144,0.916,0.152,0.026,No_Damage
RC_Moment_Frame,10,1963,Pre_Code,D,0.462,No_Retrofit,NaN,0.416,0.050,0.856,2.119,0.860,Complete
Steel_Braced_Frame,6,1997,Moderate_Code,C,0.071,No_Retrofit,0.257,0.311,0.127,0.971,0.315,0.000,Slight
RC_Shear_Wall,2,1966,Pre_Code,C,0.340,No_Retrofit,NaN,0.384,0.071,0.894,0.806,0.086,Extensive
Steel_Braced_Frame,NaN,1978,Low_Code,NaN,0.084,No_Retrofit,0.112,0.151,0.097,0.970,0.181,0.004,No_Damage
NaN,17,2021,High_Code,C,0.116,No_Retrofit,0.088,0.164,0.097,0.803,0.359,0.000,No_Damage
Unreinforced_Masonry,NaN,1964,Pre_Code,C,0.336,No_Retrofit,0.084,0.098,NaN,0.803,0.363,0.033,Moderate
Steel_Braced_Frame,6,2021,High_Code,D,NaN,NaN,0.249,0.388,0.149,0.948,0.365,NaN,Slight
RC_Shear_Wall,2,1994,NaN,C,0.040,No_Retrofit,0.450,0.535,0.112,1.025,0.522,0.029,Moderate
RC_Moment_Frame,2,1981,Low_Code,E,0.337,No_Retrofit,0.538,0.684,0.081,0.886,1.467,0.264,Extensive
RC_Moment_Frame,5,1959,NaN,B,NaN,No_Retrofit,0.258,0.302,0.053,0.793,1.536,0.350,Complete
RC_Shear_Wall,5,1990,Moderate_Code,C,0.103,Partial_Retrofit,0.218,0.247,0.151,1.036,0.158,0.000,No_Damage
Steel_Moment_Frame,6,1981,Low_Code,B,0.110,No_Retrofit,0.419,0.556,0.065,0.976,NaN,0.067,Moderate
Steel_Moment_Frame,14,1994,Low_Code,D,0.065,No_Retrofit,0.202,0.399,0.080,1.047,0.811,0.024,Moderate
RC_Shear_Wall,13,1985,Pre_Code,B,0.407,No_Retrofit,0.185,0.200,0.076,0.786,0.571,0.072,Moderate
Steel_Braced_Frame,4,1992,Pre_Code,D,0.033,Partial_Retrofit,NaN,0.420,0.109,1.002,0.363,0.007,Slight
Steel_Moment_Frame,1,NaN,NaN,D,0.049,No_Retrofit,0.094,0.106,0.120,0.973,0.137,0.000,No_Damage
Steel_Braced_Frame,11,1995,High_Code,D,0.123,No_Retrofit,0.119,0.178,0.131,0.884,0.248,0.010,No_Damage
RC_Moment_Frame,3,NaN,High_Code,D,0.156,Partial_Retrofit,0.056,0.075,0.135,1.050,0.080,0.009,No_Damage
RC_Moment_Frame,5,1959,Pre_Code,C,0.287,Extensive_Retrofit,0.302,0.381,0.076,0.995,0.698,0.014,Moderate
Unreinforced_Masonry,1,1956,Pre_Code,NaN,0.324,Partial_Retrofit,0.128,0.152,0.064,0.795,0.322,0.036,Moderate
Unreinforced_Masonry,2,1987,Moderate_Code,C,NaN,No_Retrofit,0.128,0.161,0.095,0.708,0.255,0.014,Slight
Steel_Braced_Frame,9,1976,Low_Code,D,0.418,No_Retrofit,0.243,0.344,0.078,0.909,0.741,0.029,Moderate
RC_Shear_Wall,12,2018,High_Code,NaN,0.208,No_Retrofit,0.065,0.090,0.122,0.886,0.100,0.023,No_Damage
Steel_Braced_Frame,4,2012,Moderate_Code,B,0.211,No_Retrofit,NaN,NaN,0.129,0.973,0.111,0.025,No_Damage
Steel_Braced_Frame,7,2006,High_Code,NaN,0.184,Extensive_Retrofit,NaN,1.219,0.170,0.982,0.901,0.038,Moderate
Steel_Moment_Frame,2,1977,Moderate_Code,B,0.175,No_Retrofit,NaN,0.127,0.102,0.960,0.159,0.000,Slight
Steel_Moment_Frame,3,1953,Low_Code,NaN,0.234,No_Retrofit,0.483,0.696,0.084,1.011,1.459,0.329,Extensive
Unreinforced_Masonry,2,1953,Pre_Code,D,0.409,Extensive_Retrofit,0.300,0.363,0.072,0.843,0.573,0.064,Extensive
RC_Moment_Frame,4,2005,Moderate_Code,C,0.095,No_Retrofit,0.262,0.378,NaN,0.983,0.373,0.000,Slight
Steel_Moment_Frame,8,2000,High_Code,C,0.209,No_Retrofit,0.443,0.586,0.128,0.934,0.781,NaN,Slight
NaN,6,2004,Moderate_Code,C,0.163,NaN,0.220,0.296,0.121,0.951,0.317,0.000,Slight
RC_Moment_Frame,2,NaN,Moderate_Code,D,NaN,NaN,0.476,0.623,NaN,0.960,0.977,0.081,Moderate
Steel_Moment_Frame,9,1976,Moderate_Code,D,0.237,No_Retrofit,0.155,0.263,0.109,0.934,0.460,0.013,Slight
Steel_Moment_Frame,9,1956,Low_Code,D,NaN,No_Retrofit,0.483,NaN,0.070,1.002,2.187,0.564,Complete
Steel_Braced_Frame,5,1996,High_Code,E,0.068,NaN,0.211,0.292,0.147,0.865,0.284,0.017,Slight
NaN,5,2003,Moderate_Code,D,0.075,Extensive_Retrofit,0.627,0.857,0.143,1.073,0.685,0.004,Slight
RC_Shear_Wall,5,2007,High_Code,C,0.049,Extensive_Retrofit,0.239,0.286,0.190,1.066,0.094,0.028,No_Damage
Unreinforced_Masonry,1,1952,Low_Code,C,0.520,No_Retrofit,0.502,0.617,0.036,0.700,3.049,0.572,Complete
Steel_Braced_Frame,3,1973,Pre_Code,D,0.189,Partial_Retrofit,NaN,0.230,0.089,0.909,0.319,0.001,Slight
RC_Moment_Frame,16,2010,High_Code,NaN,0.389,No_Retrofit,0.172,NaN,0.105,0.795,0.621,0.025,Slight
RC_Moment_Frame,2,1998,Moderate_Code,B,0.221,No_Retrofit,0.283,0.379,0.119,0.907,0.460,0.022,Slight
NaN,2,2009,Moderate_Code,D,0.283,No_Retrofit,0.731,0.892,0.113,0.963,NaN,0.421,Extensive
RC_Shear_Wall,2,1998,High_Code,C,0.095,Extensive_Retrofit,0.440,0.534,0.174,1.147,0.201,0.028,No_Damage
RC_Moment_Frame,2,NaN,Moderate_Code,E,0.306,Partial_Retrofit,0.273,0.417,0.130,0.938,0.540,0.016,Moderate
Steel_Moment_Frame,15,2005,Moderate_Code,D,0.116,No_Retrofit,NaN,0.570,0.086,0.960,1.085,0.049,Moderate
RC_Shear_Wall,10,2021,High_Code,B,0.214,No_Retrofit,0.133,0.165,0.139,0.958,0.179,0.000,No_Damage
Steel_Moment_Frame,5,1993,Low_Code,E,0.146,No_Retrofit,0.363,0.619,0.079,0.874,1.300,0.180,Extensive
Steel_Braced_Frame,1,2006,High_Code,C,0.093,No_Retrofit,0.074,0.095,0.157,0.899,0.080,0.012,No_Damage
RC_Moment_Frame,7,1965,Pre_Code,C,0.355,Partial_Retrofit,0.225,0.300,0.073,0.911,0.723,0.023,Moderate
NaN,7,1978,Moderate_Code,NaN,0.367,NaN,0.436,0.607,0.094,0.892,1.383,0.277,Extensive
Steel_Braced_Frame,2,2005,NaN,B,0.048,No_Retrofit,NaN,0.160,0.138,1.001,0.128,0.020,No_Damage
Steel_Moment_Frame,6,1979,Moderate_Code,D,0.163,No_Retrofit,0.398,0.545,0.102,0.958,0.766,0.010,Moderate
RC_Shear_Wall,7,1954,Pre_Code,B,0.307,Extensive_Retrofit,0.272,0.306,0.107,1.049,0.261,0.024,Slight
NaN,4,1988,Low_Code,C,0.214,Partial_Retrofit,0.085,0.104,0.073,0.906,0.186,0.003,No_Damage
RC_Moment_Frame,7,NaN,Low_Code,C,0.378,No_Retrofit,0.126,0.188,0.047,0.905,NaN,0.136,Extensive
NaN,1,1963,Pre_Code,D,0.294,Partial_Retrofit,0.214,0.316,0.072,0.968,0.673,NaN,Moderate
Steel_Moment_Frame,5,1991,Low_Code,D,0.235,Partial_Retrofit,0.123,0.184,0.090,0.988,NaN,0.001,Slight
RC_Shear_Wall,NaN,2014,High_Code,C,0.145,No_Retrofit,0.364,0.446,0.170,NaN,0.354,0.000,Slight
RC_Moment_Frame,4,1984,Moderate_Code,C,0.156,No_Retrofit,0.526,0.665,0.099,0.939,NaN,0.214,Extensive
RC_Shear_Wall,19,2004,Moderate_Code,C,0.137,Partial_Retrofit,NaN,0.087,0.123,0.912,0.080,0.024,No_Damage
RC_Shear_Wall,4,NaN,Pre_Code,C,0.229,No_Retrofit,0.067,0.069,0.073,0.965,0.104,0.000,Slight
Steel_Moment_Frame,1,2005,Moderate_Code,D,0.235,No_Retrofit,0.157,0.196,0.126,0.963,0.299,0.006,No_Damage
RC_Moment_Frame,2,NaN,Low_Code,D,0.178,No_Retrofit,0.459,0.673,0.082,0.878,1.293,0.185,Extensive
RC_Moment_Frame,5,2019,Moderate_Code,C,0.160,No_Retrofit,0.146,0.203,0.113,0.928,0.353,NaN,Slight
Steel_Braced_Frame,1,2006,Moderate_Code,C,NaN,No_Retrofit,0.108,0.159,0.126,0.989,0.149,0.022,No_Damage
RC_Shear_Wall,NaN,1998,Moderate_Code,B,0.162,Partial_Retrofit,0.167,0.215,0.143,0.989,0.145,0.000,Slight
NaN,14,1995,Low_Code,D,NaN,No_Retrofit,0.555,0.885,0.069,NaN,2.290,0.590,Extensive
Steel_Moment_Frame,5,1999,Moderate_Code,B,0.101,No_Retrofit,0.228,0.284,0.105,1.060,0.326,0.020,Slight
RC_Shear_Wall,4,1956,Low_Code,E,0.372,Partial_Retrofit,0.222,0.298,0.120,0.922,0.401,NaN,Moderate
Steel_Moment_Frame,4,2020,Moderate_Code,D,0.213,No_Retrofit,0.614,0.880,0.099,1.052,1.344,0.235,Extensive
RC_Moment_Frame,6,NaN,NaN,C,0.142,No_Retrofit,0.347,0.505,0.097,0.923,0.828,0.052,Moderate
Steel_Moment_Frame,6,1988,NaN,D,0.125,No_Retrofit,0.390,0.517,0.117,NaN,0.649,0.012,Slight
Steel_Moment_Frame,10,1975,Pre_Code,E,0.319,No_Retrofit,0.213,0.395,0.051,0.970,1.648,NaN,Extensive
RC_Moment_Frame,4,1961,Low_Code,D,NaN,Partial_Retrofit,0.710,1.027,0.088,0.883,2.010,0.637,Complete
RC_Shear_Wall,17,2002,Moderate_Code,C,0.174,Partial_Retrofit,0.412,0.548,0.141,0.860,0.472,0.027,Moderate
Steel_Braced_Frame,16,1971,Pre_Code,C,0.252,Partial_Retrofit,0.463,0.719,0.045,0.868,2.348,0.245,Complete
RC_Moment_Frame,2,1997,Low_Code,D,NaN,Extensive_Retrofit,0.377,0.522,0.108,1.001,0.683,0.000,Moderate
RC_Moment_Frame,2,1954,Pre_Code,D,0.271,No_Retrofit,NaN,NaN,0.054,0.826,1.307,0.510,Extensive
RC_Moment_Frame,1,1996,Moderate_Code,D,0.143,Partial_Retrofit,0.177,0.228,0.129,0.961,0.200,0.037,No_Damage
Steel_Braced_Frame,3,2022,Low_Code,D,0.055,No_Retrofit,0.240,NaN,0.118,0.945,0.246,0.049,No_Damage
RC_Moment_Frame,1,1999,Moderate_Code,E,0.238,No_Retrofit,0.539,0.789,0.103,0.928,1.169,0.196,Extensive
RC_Moment_Frame,6,2003,High_Code,E,0.197,Extensive_Retrofit,0.336,0.492,NaN,1.066,0.518,0.029,Slight
Steel_Braced_Frame,2,1959,Pre_Code,B,0.445,No_Retrofit,0.123,0.143,0.074,0.786,0.349,0.008,Slight
Steel_Braced_Frame,2,1950,NaN,D,0.243,Extensive_Retrofit,0.215,0.263,0.115,1.084,0.248,0.000,Slight
RC_Moment_Frame,17,2004,High_Code,D,0.211,Partial_Retrofit,0.452,0.708,0.108,0.845,NaN,0.275,Extensive
Steel_Moment_Frame,1,1980,Moderate_Code,D,NaN,Partial_Retrofit,0.074,0.087,NaN,NaN,0.110,0.011,No_Damage
Steel_Braced_Frame,8,1987,Low_Code,D,0.046,No_Retrofit,0.518,0.669,0.087,1.032,0.958,0.123,Moderate
RC_Shear_Wall,1,1971,Low_Code,C,0.332,No_Retrofit,0.455,0.534,0.113,0.883,0.689,0.070,Extensive
Steel_Braced_Frame,2,1956,Low_Code,D,0.463,No_Retrofit,0.150,0.200,0.091,0.837,0.421,0.000,Moderate
Steel_Moment_Frame,4,1958,Pre_Code,D,NaN,No_Retrofit,0.137,0.173,0.060,0.911,0.734,0.000,Moderate
Steel_Braced_Frame,7,2013,High_Code,B,0.196,No_Retrofit,0.145,0.184,0.149,0.901,0.192,0.000,No_Damage
RC_Shear_Wall,14,1986,Low_Code,C,0.029,Partial_Retrofit,0.245,0.321,0.106,1.036,0.263,0.035,Slight
RC_Shear_Wall,14,2017,High_Code,C,0.153,No_Retrofit,0.278,0.351,0.147,0.902,0.306,0.017,Slight
RC_Shear_Wall,11,1970,NaN,C,0.214,No_Retrofit,0.147,0.179,0.072,0.868,NaN,0.000,Moderate
Steel_Moment_Frame,1,1996,Low_Code,B,0.375,No_Retrofit,0.454,0.520,0.088,0.948,1.198,0.179,Moderate
Unreinforced_Masonry,2,NaN,Low_Code,C,0.279,Extensive_Retrofit,0.116,0.134,0.080,0.785,0.185,0.042,No_Damage
Steel_Moment_Frame,17,2010,High_Code,NaN,NaN,No_Retrofit,0.464,0.801,0.109,0.858,1.376,0.187,Moderate
RC_Shear_Wall,10,2018,Moderate_Code,D,0.101,No_Retrofit,0.140,0.201,0.130,1.054,0.176,0.000,Slight
RC_Shear_Wall,10,1993,Low_Code,D,0.017,No_Retrofit,0.383,0.517,0.099,0.964,0.582,0.027,Moderate
Steel_Braced_Frame,7,2019,NaN,NaN,0.111,NaN,0.251,0.340,0.145,0.855,0.382,0.006,Slight
Steel_Braced_Frame,5,2013,NaN,C,0.100,NaN,0.333,0.386,0.137,1.004,0.448,NaN,Slight
RC_Shear_Wall,NaN,2012,Moderate_Code,B,0.227,No_Retrofit,0.319,NaN,0.134,0.935,0.420,0.003,Slight
Unreinforced_Masonry,2,1982,Moderate_Code,D,0.264,Extensive_Retrofit,0.438,0.533,0.110,0.840,0.558,0.031,Extensive
RC_Shear_Wall,9,1961,Pre_Code,C,0.325,No_Retrofit,0.093,0.114,0.082,0.900,0.164,0.011,Slight
Steel_Moment_Frame,12,1986,Pre_Code,E,0.133,No_Retrofit,0.480,0.837,0.049,0.995,2.937,0.814,Complete
RC_Shear_Wall,4,1967,Low_Code,D,0.135,Partial_Retrofit,0.183,0.269,0.103,0.982,0.274,0.023,Slight
RC_Shear_Wall,14,2008,High_Code,D,0.159,No_Retrofit,0.087,NaN,0.137,0.988,0.109,0.000,No_Damage
Steel_Moment_Frame,8,2020,Moderate_Code,NaN,0.206,Partial_Retrofit,0.352,0.632,0.120,0.954,1.195,0.079,Moderate
RC_Moment_Frame,2,1977,Low_Code,B,NaN,Partial_Retrofit,NaN,0.303,0.096,1.007,0.403,0.013,Slight
Unreinforced_Masonry,7,1955,Low_Code,C,0.246,Partial_Retrofit,0.125,0.161,0.030,0.856,0.684,0.088,Extensive
RC_Shear_Wall,7,2017,Moderate_Code,NaN,0.230,No_Retrofit,0.442,0.771,0.135,0.911,0.660,0.025,Moderate
Steel_Braced_Frame,11,2016,Moderate_Code,C,0.178,No_Retrofit,0.139,0.211,0.120,NaN,0.293,0.006,Slight
Unreinforced_Masonry,2,1970,Pre_Code,E,0.386,Partial_Retrofit,0.155,0.237,0.046,0.819,0.640,0.090,Extensive
Steel_Braced_Frame,8,1972,NaN,B,0.306,No_Retrofit,0.074,0.089,0.067,0.853,0.304,0.022,Slight
RC_Moment_Frame,4,1965,Low_Code,D,0.245,No_Retrofit,0.317,0.420,0.068,0.871,1.531,0.387,Extensive
Unreinforced_Masonry,3,1988,Low_Code,D,0.070,NaN,0.296,0.402,0.053,0.885,1.007,0.147,Complete
RC_Shear_Wall,10,1968,NaN,D,0.293,Partial_Retrofit,0.285,0.394,0.083,0.969,0.488,0.016,Moderate
Steel_Moment_Frame,2,1972,Pre_Code,C,0.154,No_Retrofit,0.455,0.595,0.056,0.909,1.696,0.380,Complete
Steel_Braced_Frame,1,1992,Low_Code,C,0.241,No_Retrofit,0.264,0.336,0.109,1.005,0.443,0.022,Moderate
RC_Shear_Wall,8,2003,High_Code,D,0.074,No_Retrofit,0.210,0.314,0.145,0.978,0.258,0.016,Slight
RC_Shear_Wall,12,1996,Moderate_Code,C,0.081,No_Retrofit,0.289,0.377,0.112,0.951,0.344,0.000,Slight
Steel_Moment_Frame,5,NaN,High_Code,D,0.290,No_Retrofit,0.498,0.678,0.135,0.970,0.851,0.023,Moderate
Steel_Moment_Frame,5,2001,Moderate_Code,D,0.146,No_Retrofit,NaN,0.581,0.119,1.039,0.729,0.002,Moderate
Unreinforced_Masonry,5,1954,Pre_Code,D,0.411,No_Retrofit,0.280,0.382,0.030,0.822,1.985,0.404,Complete
RC_Shear_Wall,2,1959,Low_Code,D,0.258,No_Retrofit,0.169,0.245,0.099,0.850,0.399,0.006,Moderate
Steel_Moment_Frame,1,2005,Moderate_Code,C,0.132,No_Retrofit,0.064,0.064,0.119,1.047,0.080,0.000,No_Damage
RC_Moment_Frame,4,2001,Moderate_Code,NaN,0.162,No_Retrofit,0.477,0.694,0.111,0.967,1.163,0.272,Moderate
NaN,8,2004,High_Code,D,0.232,No_Retrofit,0.774,0.978,0.130,0.922,NaN,0.079,Moderate
Steel_Braced_Frame,13,1964,Pre_Code,NaN,0.074,No_Retrofit,0.278,0.391,NaN,NaN,NaN,0.039,Moderate
Steel_Moment_Frame,9,2014,Moderate_Code,E,NaN,No_Retrofit,0.075,0.134,0.112,1.023,0.167,0.000,No_Damage
RC_Shear_Wall,3,2007,High_Code,C,0.295,NaN,0.357,0.526,0.167,NaN,0.367,0.000,Slight
Steel_Moment_Frame,5,1990,Low_Code,C,NaN,No_Retrofit,0.411,0.602,0.095,1.083,1.092,0.067,Moderate
RC_Shear_Wall,3,1997,Moderate_Code,C,0.025,No_Retrofit,0.483,0.554,0.142,0.938,0.394,0.030,Slight
RC_Shear_Wall,4,2010,Low_Code,E,0.204,Partial_Retrofit,0.457,0.613,0.136,0.938,0.435,0.000,Slight
RC_Moment_Frame,4,NaN,Low_Code,C,0.117,No_Retrofit,0.515,0.635,0.100,0.933,1.193,NaN,Extensive
Steel_Moment_Frame,14,2006,High_Code,D,0.070,No_Retrofit,0.090,0.190,0.124,1.072,0.278,0.008,No_Damage
RC_Shear_Wall,3,2022,Moderate_Code,E,0.012,No_Retrofit,0.112,0.168,0.136,1.005,0.120,0.024,No_Damage
Steel_Braced_Frame,2,1997,Moderate_Code,C,0.067,No_Retrofit,0.105,0.132,0.134,0.978,0.146,0.013,No_Damage
NaN,1,1981,Low_Code,B,0.068,Partial_Retrofit,0.341,0.360,0.107,1.089,0.328,0.040,Slight
Steel_Moment_Frame,15,2016,High_Code,D,0.153,No_Retrofit,NaN,0.210,0.117,0.916,NaN,0.003,Slight
NaN,5,NaN,NaN,C,0.183,No_Retrofit,0.183,0.219,0.090,0.905,0.259,0.000,Slight
RC_Shear_Wall,1,1962,Low_Code,D,0.360,No_Retrofit,NaN,0.215,0.094,0.875,0.343,0.000,Slight
Unreinforced_Masonry,1,1968,Pre_Code,C,0.387,Extensive_Retrofit,0.128,0.145,0.064,0.875,0.261,NaN,Moderate
Steel_Moment_Frame,12,NaN,High_Code,D,0.202,No_Retrofit,0.542,1.074,0.121,0.963,1.762,0.514,Extensive
RC_Moment_Frame,1,2015,High_Code,D,0.161,No_Retrofit,0.119,0.157,0.130,1.022,0.169,0.008,No_Damage
NaN,16,1990,NaN,C,0.333,Partial_Retrofit,0.241,0.324,0.102,0.900,0.457,0.002,Moderate
NaN,14,1994,Low_Code,C,0.269,Partial_Retrofit,0.286,0.453,0.087,0.914,0.853,0.000,Slight
Steel_Moment_Frame,1,1952,Pre_Code,C,0.416,Extensive_Retrofit,0.061,0.070,NaN,0.988,0.081,0.000,No_Damage
Unreinforced_Masonry,2,1957,Pre_Code,C,0.287,Extensive_Retrofit,0.433,NaN,0.067,0.800,1.020,0.130,Complete
Steel_Moment_Frame,12,2014,High_Code,D,0.134,Extensive_Retrofit,0.335,0.586,0.158,NaN,0.403,0.036,Slight
RC_Shear_Wall,5,2007,High_Code,D,0.189,No_Retrofit,0.800,1.175,0.163,1.186,0.689,0.050,Moderate
RC_Shear_Wall,6,2010,Moderate_Code,C,0.083,No_Retrofit,NaN,0.789,0.138,1.052,0.583,0.011,Moderate
NaN,10,2003,Moderate_Code,D,NaN,Partial_Retrofit,0.198,NaN,0.108,1.062,0.555,0.018,Slight
RC_Moment_Frame,18,2007,High_Code,D,0.217,No_Retrofit,0.363,0.678,NaN,0.763,1.608,0.308,Extensive
RC_Shear_Wall,10,1970,Low_Code,C,0.203,No_Retrofit,0.106,0.151,0.093,1.037,0.190,0.009,Slight
RC_Moment_Frame,17,1982,Low_Code,C,0.302,Extensive_Retrofit,0.141,0.250,0.088,0.914,0.535,0.006,Slight
Steel_Braced_Frame,6,2001,Moderate_Code,E,0.082,No_Retrofit,0.076,0.105,0.125,1.075,0.118,0.008,No_Damage
RC_Moment_Frame,2,2000,Moderate_Code,D,0.020,Partial_Retrofit,0.153,0.205,0.109,1.108,0.272,NaN,Slight
RC_Shear_Wall,17,2015,High_Code,D,0.323,No_Retrofit,0.742,1.045,0.120,0.738,1.846,0.148,Extensive
Steel_Moment_Frame,7,2013,Moderate_Code,D,0.199,No_Retrofit,0.240,0.310,0.115,0.935,NaN,0.002,No_Damage
RC_Shear_Wall,6,1973,Pre_Code,B,NaN,No_Retrofit,0.113,0.122,NaN,0.911,0.169,0.000,No_Damage
RC_Shear_Wall,14,2011,Moderate_Code,D,0.254,NaN,0.241,NaN,0.123,0.834,0.557,0.032,Slight
RC_Moment_Frame,3,2006,Moderate_Code,D,0.202,No_Retrofit,0.199,0.255,0.114,0.931,0.452,0.000,Slight
Steel_Moment_Frame,NaN,1995,Moderate_Code,D,0.135,No_Retrofit,0.682,NaN,0.107,0.983,NaN,NaN,Extensive
NaN,2,2004,High_Code,C,0.225,No_Retrofit,0.149,0.187,0.161,1.048,0.124,0.019,No_Damage
Steel_Moment_Frame,6,1986,Pre_Code,B,0.338,No_Retrofit,0.372,0.576,0.055,1.037,1.582,0.228,Extensive
RC_Shear_Wall,1,1965,Pre_Code,C,0.344,No_Retrofit,0.299,0.349,0.087,0.901,0.553,0.047,Moderate
Steel_Braced_Frame,1,2002,Low_Code,NaN,0.387,No_Retrofit,0.064,0.087,0.104,0.964,0.151,0.013,Slight
Steel_Braced_Frame,1,2002,Moderate_Code,C,0.165,No_Retrofit,0.163,0.215,0.128,1.018,NaN,0.009,Slight
Steel_Braced_Frame,4,1966,Pre_Code,C,0.492,No_Retrofit,0.308,0.401,0.072,0.812,NaN,0.091,Extensive
RC_Shear_Wall,11,2003,Moderate_Code,B,0.287,No_Retrofit,0.077,0.075,0.123,0.814,NaN,0.004,No_Damage
RC_Shear_Wall,5,1993,Low_Code,B,0.109,NaN,0.089,0.100,0.118,0.979,0.080,0.027,No_Damage
Steel_Moment_Frame,8,2006,Moderate_Code,D,0.144,No_Retrofit,0.147,0.211,NaN,0.977,0.371,0.010,Slight
Steel_Moment_Frame,6,2016,Moderate_Code,D,0.267,No_Retrofit,0.490,NaN,0.120,0.977,1.588,0.289,Extensive
RC_Shear_Wall,2,1966,Pre_Code,D,0.466,No_Retrofit,0.365,0.517,0.099,0.865,0.739,0.045,Moderate
Steel_Moment_Frame,13,2015,High_Code,NaN,0.104,No_Retrofit,0.230,0.381,0.124,0.982,0.537,0.000,Slight
RC_Shear_Wall,1,2003,High_Code,D,0.180,Partial_Retrofit,0.247,0.301,0.180,1.025,0.143,0.043,No_Damage
RC_Shear_Wall,9,1998,Moderate_Code,C,0.112,Partial_Retrofit,0.595,0.637,0.143,0.970,NaN,0.011,Slight
NaN,2,1972,Pre_Code,C,NaN,No_Retrofit,0.342,0.386,0.044,0.736,1.395,0.197,Complete
RC_Shear_Wall,NaN,2018,NaN,C,0.180,No_Retrofit,0.292,0.371,0.151,0.945,0.224,0.000,Slight
RC_Moment_Frame,2,2013,Low_Code,C,0.139,No_Retrofit,0.374,0.451,0.099,0.945,0.873,0.084,Moderate
RC_Shear_Wall,9,2022,High_Code,C,0.070,No_Retrofit,0.336,0.360,0.155,1.053,0.178,0.017,No_Damage
Steel_Braced_Frame,4,1980,Moderate_Code,D,0.245,Extensive_Retrofit,0.276,0.346,0.143,0.940,0.283,0.006,Slight
RC_Shear_Wall,8,NaN,Low_Code,D,0.189,No_Retrofit,0.753,1.120,NaN,0.950,1.098,0.107,Extensive
RC_Shear_Wall,3,1993,Low_Code,D,0.019,No_Retrofit,0.551,0.767,0.115,1.012,0.542,0.018,Moderate
Steel_Moment_Frame,4,1962,Low_Code,C,NaN,Partial_Retrofit,0.058,0.072,NaN,0.934,0.165,0.034,No_Damage
RC_Moment_Frame,14,1986,Low_Code,B,0.259,NaN,0.129,NaN,0.068,0.924,NaN,0.011,Slight
RC_Moment_Frame,NaN,1989,NaN,C,0.126,Partial_Retrofit,NaN,0.801,0.078,0.947,NaN,0.454,Extensive
RC_Shear_Wall,7,2019,Moderate_Code,E,0.233,No_Retrofit,0.297,0.411,0.143,0.921,0.375,0.022,Slight
Unreinforced_Masonry,6,1977,Low_Code,D,0.262,Extensive_Retrofit,0.479,0.638,0.073,0.823,0.979,0.232,Complete
RC_Moment_Frame,4,1997,Moderate_Code,D,0.253,No_Retrofit,0.246,0.328,0.109,0.953,0.564,0.013,Moderate
Steel_Moment_Frame,7,1990,NaN,B,0.259,Partial_Retrofit,0.088,0.114,0.120,0.985,0.144,0.002,No_Damage
RC_Moment_Frame,6,1958,Moderate_Code,D,0.339,Extensive_Retrofit,0.147,0.206,NaN,0.974,0.339,0.000,No_Damage
RC_Shear_Wall,13,2006,Moderate_Code,NaN,0.278,Partial_Retrofit,0.055,0.069,0.135,1.027,0.080,0.021,No_Damage
Unreinforced_Masonry,3,1953,Pre_Code,D,0.424,No_Retrofit,NaN,0.233,0.030,NaN,1.476,0.161,Complete
Unreinforced_Masonry,1,1963,Pre_Code,E,0.361,No_Retrofit,0.229,0.313,NaN,0.791,NaN,0.078,Complete
Steel_Braced_Frame,10,1997,Moderate_Code,NaN,0.046,NaN,0.514,0.961,0.110,1.077,1.230,0.112,Moderate
RC_Moment_Frame,12,2017,Moderate_Code,D,0.276,No_Retrofit,0.816,1.495,0.089,0.915,3.878,1.800,Complete
Unreinforced_Masonry,5,1955,Low_Code,C,NaN,Extensive_Retrofit,0.314,0.393,0.055,NaN,0.816,0.093,Extensive
RC_Moment_Frame,6,NaN,High_Code,E,NaN,No_Retrofit,0.352,0.505,0.129,0.901,0.958,0.062,Moderate
Unreinforced_Masonry,1,1965,Pre_Code,D,NaN,No_Retrofit,0.133,NaN,0.030,0.700,0.953,0.097,Complete
Unreinforced_Masonry,NaN,1962,Pre_Code,B,0.304,Partial_Retrofit,0.133,0.155,0.042,0.759,0.585,0.053,Extensive
NaN,4,2012,Moderate_Code,C,0.115,No_Retrofit,0.141,0.184,0.121,0.986,0.249,0.012,No_Damage
Steel_Moment_Frame,1,1974,Pre_Code,C,0.359,No_Retrofit,0.085,0.105,0.068,1.038,0.279,0.000,Slight
Unreinforced_Masonry,5,NaN,Pre_Code,C,0.149,No_Retrofit,0.126,0.156,0.030,0.775,0.871,0.102,Complete
Steel_Moment_Frame,2,1990,Low_Code,C,0.289,No_Retrofit,0.137,NaN,0.087,0.911,0.362,0.021,Slight
Steel_Moment_Frame,10,2009,High_Code,D,0.148,No_Retrofit,0.073,0.113,0.116,0.956,0.216,0.000,No_Damage
Steel_Moment_Frame,8,2017,High_Code,C,0.109,No_Retrofit,0.424,0.562,0.123,1.050,NaN,0.000,Slight
RC_Shear_Wall,4,1972,Pre_Code,NaN,0.286,No_Retrofit,0.134,0.160,0.087,0.934,0.220,0.000,Slight
Steel_Braced_Frame,7,2020,High_Code,D,0.190,No_Retrofit,0.612,0.803,0.141,0.998,0.822,NaN,Slight
Unreinforced_Masonry,2,1961,NaN,NaN,0.342,Partial_Retrofit,0.518,0.597,0.049,0.817,1.728,0.147,Complete
Steel_Moment_Frame,10,2022,High_Code,D,0.161,No_Retrofit,0.603,1.222,NaN,0.935,1.799,0.307,Extensive
Steel_Moment_Frame,7,1993,Low_Code,C,0.176,No_Retrofit,0.576,0.751,0.090,0.958,1.759,0.351,Extensive
RC_Moment_Frame,2,2022,High_Code,E,0.150,No_Retrofit,0.264,0.400,0.137,0.999,0.499,0.026,Slight
Steel_Braced_Frame,11,1974,Low_Code,E,0.211,No_Retrofit,0.242,0.414,0.085,0.911,0.860,0.037,Moderate
Steel_Moment_Frame,16,1988,Low_Code,C,0.207,No_Retrofit,0.054,0.076,0.070,0.957,0.226,0.036,No_Damage
RC_Shear_Wall,10,1952,Low_Code,B,0.341,No_Retrofit,0.446,0.530,0.084,0.903,1.370,0.233,Extensive
Steel_Moment_Frame,13,2022,High_Code,D,0.183,No_Retrofit,0.674,1.132,0.114,0.902,1.733,0.248,Extensive
Steel_Braced_Frame,7,2017,High_Code,D,0.350,No_Retrofit,0.400,0.531,0.129,0.872,0.675,0.031,Slight
NaN,7,2021,NaN,E,0.139,No_Retrofit,0.331,NaN,0.180,0.933,NaN,0.012,Slight
RC_Moment_Frame,14,2021,Moderate_Code,E,0.259,No_Retrofit,0.347,0.610,0.089,0.811,1.806,0.392,Extensive
Steel_Moment_Frame,20,2014,Moderate_Code,D,0.168,Partial_Retrofit,0.072,NaN,0.105,0.901,0.208,0.008,No_Damage
Steel_Braced_Frame,2,NaN,Low_Code,D,0.105,No_Retrofit,0.142,0.179,0.092,0.992,0.224,0.010,Slight
Steel_Braced_Frame,1,1973,Pre_Code,B,0.205,No_Retrofit,0.314,0.350,NaN,0.850,0.527,0.036,Moderate
Unreinforced_Masonry,7,1950,NaN,C,0.221,Extensive_Retrofit,0.267,0.290,0.056,0.872,0.600,0.048,Extensive
Steel_Moment_Frame,9,1968,Pre_Code,C,0.439,No_Retrofit,0.562,0.673,0.049,0.877,3.043,0.694,Complete
Steel_Braced_Frame,15,1986,Low_Code,D,0.192,Extensive_Retrofit,0.061,0.112,0.096,NaN,0.165,0.014,No_Damage
RC_Shear_Wall,1,1972,Pre_Code,D,0.255,No_Retrofit,0.398,0.572,0.086,0.939,0.895,0.094,Extensive
Unreinforced_Masonry,5,1971,Low_Code,D,0.253,Extensive_Retrofit,0.169,0.223,0.052,0.832,0.569,0.039,Extensive
Steel_Braced_Frame,4,1973,Pre_Code,C,0.252,No_Retrofit,0.441,0.699,0.075,NaN,1.342,0.185,Extensive
RC_Shear_Wall,13,1993,Moderate_Code,D,0.240,Extensive_Retrofit,0.469,0.703,0.150,1.040,0.567,0.024,Slight
RC_Moment_Frame,13,2009,Moderate_Code,B,0.283,No_Retrofit,0.678,1.048,0.092,0.905,2.458,NaN,Complete
RC_Shear_Wall,10,2006,Moderate_Code,C,NaN,No_Retrofit,0.248,0.341,0.126,0.913,NaN,0.001,Slight
Steel_Moment_Frame,5,2014,High_Code,D,0.174,No_Retrofit,0.545,0.702,NaN,0.949,NaN,0.000,Slight
Steel_Moment_Frame,6,1976,Low_Code,D,0.277,No_Retrofit,0.142,0.198,0.080,0.967,0.441,0.005,Slight
NaN,1,1977,Moderate_Code,E,0.388,Partial_Retrofit,0.134,0.178,0.079,0.758,0.331,0.041,Moderate
RC_Shear_Wall,2,2005,Moderate_Code,C,0.079,No_Retrofit,0.239,0.302,0.143,0.965,0.221,0.011,Slight
RC_Shear_Wall,10,1992,Low_Code,NaN,NaN,Extensive_Retrofit,0.487,0.654,0.147,1.008,0.443,0.024,Slight
Steel_Braced_Frame,9,1980,Low_Code,C,NaN,No_Retrofit,0.224,0.321,0.075,0.947,0.669,0.013,Moderate
RC_Shear_Wall,20,2009,High_Code,C,0.205,NaN,NaN,0.511,0.127,NaN,0.550,0.032,Slight
Steel_Braced_Frame,12,1951,Low_Code,D,0.371,No_Retrofit,0.467,0.766,0.092,0.884,1.986,0.327,Complete
RC_Moment_Frame,7,1952,Pre_Code,D,0.365,Extensive_Retrofit,0.088,NaN,0.085,0.976,0.251,0.021,Slight
RC_Shear_Wall,NaN,1990,Moderate_Code,E,0.244,Extensive_Retrofit,0.587,1.018,0.132,0.990,0.777,0.027,Moderate
Steel_Moment_Frame,8,2000,High_Code,C,0.114,No_Retrofit,0.101,0.133,0.126,0.957,0.161,0.000,No_Damage
Steel_Moment_Frame,14,1992,NaN,E,0.340,NaN,0.623,1.070,0.080,0.941,4.043,NaN,Complete
Unreinforced_Masonry,1,1971,Pre_Code,B,0.460,Extensive_Retrofit,0.130,0.136,0.059,0.744,NaN,0.020,Moderate
RC_Shear_Wall,5,2019,High_Code,E,0.097,No_Retrofit,NaN,0.199,0.158,0.933,0.141,0.008,No_Damage
RC_Moment_Frame,2,1965,NaN,C,0.396,Partial_Retrofit,0.230,0.330,0.087,0.863,0.666,0.014,Moderate
Steel_Braced_Frame,8,1978,Low_Code,C,0.127,No_Retrofit,0.083,0.127,0.087,1.019,0.173,0.009,No_Damage
Steel_Braced_Frame,4,2019,Moderate_Code,D,0.237,No_Retrofit,0.281,0.358,0.125,0.905,0.400,0.023,Slight
RC_Moment_Frame,NaN,1962,Pre_Code,E,0.453,No_Retrofit,0.107,0.164,0.047,0.905,0.825,0.114,Extensive
Steel_Braced_Frame,NaN,NaN,Pre_Code,B,0.304,No_Retrofit,0.094,0.110,0.072,0.929,NaN,0.008,Slight
Steel_Braced_Frame,4,1983,Low_Code,C,0.232,No_Retrofit,NaN,0.101,0.111,0.906,NaN,0.000,No_Damage
Steel_Braced_Frame,1,NaN,Moderate_Code,D,0.148,No_Retrofit,0.267,0.340,0.124,1.008,0.285,0.011,Slight
RC_Moment_Frame,1,1983,Pre_Code,C,NaN,Partial_Retrofit,0.334,0.404,0.073,NaN,0.692,0.013,Moderate
Steel_Braced_Frame,6,2012,Moderate_Code,C,0.119,Partial_Retrofit,0.295,0.342,0.147,0.962,0.254,0.023,Slight
RC_Moment_Frame,4,1974,Pre_Code,C,0.306,No_Retrofit,NaN,1.007,NaN,0.972,3.417,NaN,Complete
RC_Shear_Wall,9,2003,Moderate_Code,C,0.242,No_Retrofit,0.450,0.576,0.144,0.958,NaN,0.023,Slight
Steel_Braced_Frame,5,1976,Low_Code,E,0.389,Partial_Retrofit,0.548,NaN,0.106,0.913,1.286,0.102,Extensive
Steel_Moment_Frame,13,1992,Low_Code,D,NaN,No_Retrofit,0.399,0.770,0.074,0.875,2.281,0.781,Extensive
Steel_Braced_Frame,NaN,1997,Moderate_Code,D,0.050,No_Retrofit,0.251,0.374,0.116,1.052,0.475,0.012,Slight
Steel_Moment_Frame,7,1986,Low_Code,E,0.309,No_Retrofit,0.490,0.748,0.082,0.978,2.089,0.403,Extensive
RC_Moment_Frame,12,1986,Low_Code,C,0.367,No_Retrofit,NaN,0.202,0.064,0.863,0.810,0.061,Moderate
Steel_Braced_Frame,4,1972,Low_Code,B,0.196,No_Retrofit,0.436,0.426,0.092,0.913,0.863,0.082,Moderate
Unreinforced_Masonry,2,1967,NaN,C,0.263,Partial_Retrofit,0.430,NaN,0.047,0.853,1.384,0.188,Complete
Unreinforced_Masonry,1,1982,Low_Code,C,0.248,Partial_Retrofit,0.275,0.336,0.068,0.860,0.420,0.035,Extensive
RC_Shear_Wall,20,2013,NaN,C,0.230,No_Retrofit,0.325,NaN,0.130,0.766,0.789,0.039,Moderate
RC_Shear_Wall,4,1972,NaN,E,0.304,No_Retrofit,0.151,0.211,NaN,0.849,0.196,0.003,Slight
RC_Shear_Wall,NaN,1988,Low_Code,D,0.056,No_Retrofit,0.125,0.195,0.094,1.024,0.239,0.000,Slight
Steel_Moment_Frame,2,1987,Moderate_Code,C,0.181,Partial_Retrofit,NaN,NaN,0.125,0.951,NaN,0.019,No_Damage
Steel_Braced_Frame,2,1996,Moderate_Code,D,0.095,No_Retrofit,0.369,0.435,0.128,0.978,0.400,NaN,Slight
Unreinforced_Masonry,3,1989,Low_Code,D,0.087,No_Retrofit,0.491,NaN,0.060,0.812,1.459,0.182,Complete
Steel_Moment_Frame,2,1997,Low_Code,E,0.188,NaN,0.552,0.842,0.090,1.048,1.294,0.130,Extensive
Steel_Moment_Frame,6,2004,Moderate_Code,NaN,NaN,No_Retrofit,0.088,0.161,0.111,0.929,0.279,0.029,Slight
RC_Shear_Wall,4,2014,Moderate_Code,D,0.163,No_Retrofit,0.268,0.366,0.162,1.025,0.276,0.009,Slight
Steel_Braced_Frame,4,NaN,Low_Code,D,0.029,No_Retrofit,0.391,0.494,0.105,0.971,0.521,0.000,Moderate
Steel_Braced_Frame,20,1991,Moderate_Code,NaN,0.046,Partial_Retrofit,0.169,0.282,0.109,0.934,0.372,0.018,Slight
Unreinforced_Masonry,1,1976,Low_Code,D,0.253,NaN,0.389,0.395,0.060,0.876,0.819,0.061,Complete
RC_Shear_Wall,4,NaN,High_Code,B,0.143,No_Retrofit,0.071,0.074,0.159,0.923,0.080,0.001,No_Damage
RC_Shear_Wall,20,2018,Low_Code,B,0.165,Partial_Retrofit,0.088,0.119,0.110,0.877,0.138,0.014,No_Damage
Steel_Braced_Frame,NaN,1988,Moderate_Code,D,0.140,Partial_Retrofit,0.272,0.346,0.129,1.139,0.248,0.004,No_Damage
RC_Shear_Wall,4,NaN,Pre_Code,C,0.116,No_Retrofit,0.281,0.400,0.093,0.989,0.345,0.000,Slight
RC_Moment_Frame,18,1983,Low_Code,NaN,0.060,No_Retrofit,0.109,0.182,0.045,0.852,0.801,0.073,Moderate
Steel_Moment_Frame,10,2007,Moderate_Code,D,0.093,No_Retrofit,0.157,0.263,0.096,1.067,0.489,0.006,Slight
RC_Shear_Wall,1,1992,Moderate_Code,B,0.090,No_Retrofit,0.133,0.127,0.139,0.992,0.085,0.038,No_Damage
RC_Shear_Wall,NaN,1980,Pre_Code,D,0.345,Partial_Retrofit,0.141,NaN,0.078,0.849,0.325,0.002,Slight
NaN,6,2013,Moderate_Code,D,0.159,No_Retrofit,0.311,0.482,0.116,1.061,0.644,0.048,Slight
RC_Moment_Frame,2,1992,Low_Code,E,NaN,No_Retrofit,0.291,0.423,0.074,0.856,1.040,0.135,Extensive
RC_Shear_Wall,5,2019,High_Code,D,0.204,No_Retrofit,0.316,0.363,0.156,0.936,0.309,0.000,Slight
RC_Shear_Wall,17,1984,Low_Code,B,0.232,No_Retrofit,NaN,0.139,0.069,0.904,0.202,0.020,No_Damage
Steel_Moment_Frame,4,1993,Low_Code,D,0.140,No_Retrofit,0.306,0.444,0.110,0.990,0.541,0.010,Slight
Steel_Moment_Frame,2,1984,Low_Code,D,0.186,No_Retrofit,NaN,0.591,0.072,0.954,1.217,0.102,Extensive
Steel_Moment_Frame,4,2000,Moderate_Code,E,0.129,Partial_Retrofit,0.055,0.082,0.127,1.096,0.086,0.002,No_Damage
Steel_Braced_Frame,2,1960,Pre_Code,C,0.393,Partial_Retrofit,0.069,NaN,0.100,0.863,0.125,0.000,No_Damage
NaN,2,1974,Pre_Code,C,0.446,NaN,0.652,0.777,NaN,0.700,2.345,0.415,Complete
Steel_Moment_Frame,NaN,2013,High_Code,E,0.146,No_Retrofit,0.126,0.206,0.145,1.014,0.218,NaN,No_Damage
Unreinforced_Masonry,1,1960,Pre_Code,C,0.219,Extensive_Retrofit,0.131,NaN,0.062,0.856,0.185,0.030,Slight
RC_Moment_Frame,1,1989,Low_Code,D,0.188,NaN,0.128,0.167,0.093,0.854,0.413,0.018,Slight
Unreinforced_Masonry,1,1977,Low_Code,C,0.238,NaN,0.249,0.231,0.064,0.810,0.622,0.061,Extensive
RC_Shear_Wall,NaN,1978,High_Code,B,0.105,Extensive_Retrofit,0.478,0.565,0.174,1.095,0.192,NaN,Slight
Steel_Braced_Frame,3,2001,High_Code,C,0.046,Partial_Retrofit,0.529,0.610,0.166,1.011,0.379,0.042,Slight
Steel_Moment_Frame,3,NaN,Low_Code,C,0.403,NaN,0.633,0.738,0.078,0.899,1.756,0.289,Extensive
RC_Moment_Frame,18,1978,NaN,D,0.303,No_Retrofit,0.258,0.425,0.038,0.788,3.175,NaN,Complete
Steel_Moment_Frame,7,1976,Pre_Code,E,0.240,No_Retrofit,0.189,0.266,0.064,1.036,0.881,NaN,Extensive
Steel_Braced_Frame,4,2002,Moderate_Code,C,0.162,No_Retrofit,0.311,0.383,0.139,0.936,0.491,0.011,Slight
NaN,2,1968,Pre_Code,D,0.472,Extensive_Retrofit,0.105,0.141,0.098,0.951,0.211,0.000,Slight
Steel_Moment_Frame,2,1993,NaN,B,NaN,No_Retrofit,0.055,0.068,0.088,1.016,0.110,0.008,No_Damage
Unreinforced_Masonry,2,1966,Low_Code,D,NaN,Extensive_Retrofit,0.159,0.193,0.082,0.865,0.268,NaN,Slight
Steel_Moment_Frame,2,1988,Moderate_Code,B,0.177,No_Retrofit,0.103,0.132,0.109,0.993,0.173,0.003,No_Damage
Steel_Moment_Frame,2,1952,Low_Code,E,0.315,No_Retrofit,0.303,0.472,0.081,0.898,1.397,0.240,Extensive
Steel_Moment_Frame,3,1950,Pre_Code,D,0.370,No_Retrofit,0.242,NaN,0.070,0.902,NaN,0.128,Extensive
Unreinforced_Masonry,2,1974,Pre_Code,D,0.347,Partial_Retrofit,0.804,1.010,0.045,0.799,2.825,0.382,Complete
NaN,3,1988,Low_Code,D,0.045,No_Retrofit,0.128,NaN,0.105,NaN,0.113,0.001,No_Damage
NaN,7,1983,Pre_Code,D,0.350,Partial_Retrofit,0.548,0.672,0.042,0.763,2.886,0.295,Complete
RC_Moment_Frame,2,2016,High_Code,E,0.243,No_Retrofit,0.228,0.401,0.129,0.939,0.584,0.004,Slight
NaN,6,NaN,Pre_Code,D,0.265,No_Retrofit,0.147,0.219,0.049,0.881,0.853,0.111,Extensive
Steel_Braced_Frame,6,1951,Pre_Code,E,0.474,No_Retrofit,0.268,0.349,0.067,0.850,1.309,0.197,Complete
Steel_Moment_Frame,4,1994,Low_Code,D,0.127,No_Retrofit,0.094,0.146,0.085,1.088,0.223,0.033,Slight
Steel_Braced_Frame,1,2001,Moderate_Code,B,0.211,No_Retrofit,0.075,NaN,0.143,0.966,0.080,0.000,No_Damage
RC_Moment_Frame,8,1994,NaN,D,0.139,No_Retrofit,0.499,0.757,0.104,0.879,1.431,0.301,Extensive
RC_Shear_Wall,4,1974,Pre_Code,B,0.095,Partial_Retrofit,0.694,0.732,0.108,1.005,0.556,0.013,Moderate
Steel_Braced_Frame,1,1991,Moderate_Code,D,NaN,No_Retrofit,0.156,0.210,0.132,1.037,0.181,0.000,No_Damage
RC_Moment_Frame,15,2013,Moderate_Code,D,0.116,No_Retrofit,0.089,0.153,0.095,0.882,0.403,0.009,Slight
RC_Shear_Wall,8,1997,Moderate_Code,D,0.087,No_Retrofit,0.220,0.328,0.122,0.942,0.263,0.012,No_Damage
Steel_Braced_Frame,3,1958,Low_Code,B,0.380,No_Retrofit,0.069,0.065,0.093,0.831,0.132,0.000,No_Damage
Unreinforced_Masonry,1,1968,Pre_Code,C,0.344,Extensive_Retrofit,0.235,0.264,0.057,0.856,0.526,0.048,Moderate
NaN,14,1950,Moderate_Code,D,0.186,Partial_Retrofit,0.052,0.108,0.086,0.955,0.227,NaN,Slight
NaN,17,1985,Low_Code,E,0.334,No_Retrofit,0.242,0.458,NaN,0.839,2.234,0.748,Complete
Steel_Braced_Frame,2,2019,High_Code,C,0.035,No_Retrofit,0.229,0.242,0.154,1.115,0.158,0.008,No_Damage
RC_Shear_Wall,3,1957,Pre_Code,C,0.222,Extensive_Retrofit,0.265,0.350,0.125,1.069,0.232,0.004,Slight
Steel_Braced_Frame,6,1972,Low_Code,D,0.267,Partial_Retrofit,0.094,0.130,0.094,NaN,0.214,0.008,No_Damage
Steel_Braced_Frame,4,1967,Pre_Code,D,0.212,Partial_Retrofit,0.252,0.305,0.093,0.932,0.411,0.012,Slight
RC_Moment_Frame,6,2009,High_Code,C,0.076,No_Retrofit,0.653,0.888,0.117,0.915,1.299,0.263,Extensive
RC_Shear_Wall,4,2003,Moderate_Code,C,NaN,NaN,0.310,0.415,0.140,1.020,0.261,0.000,Slight
Unreinforced_Masonry,4,1955,Pre_Code,C,0.246,Extensive_Retrofit,0.564,0.700,0.063,0.836,1.203,0.217,Complete
RC_Shear_Wall,8,1999,NaN,E,0.159,No_Retrofit,0.372,0.658,0.127,1.058,0.552,0.006,Moderate
Unreinforced_Masonry,1,1955,Pre_Code,C,0.275,No_Retrofit,0.767,0.916,0.041,0.839,3.129,0.740,Complete
Steel_Moment_Frame,2,NaN,Low_Code,C,NaN,Partial_Retrofit,0.263,0.356,0.091,1.066,0.469,0.021,Slight
Steel_Moment_Frame,11,2012,High_Code,B,0.108,No_Retrofit,0.277,0.477,0.108,0.948,0.721,0.000,Slight
NaN,9,1956,Pre_Code,C,0.365,No_Retrofit,0.240,0.313,0.079,0.869,0.601,0.032,Moderate
RC_Shear_Wall,5,1985,Moderate_Code,D,0.032,No_Retrofit,0.143,0.218,0.142,NaN,0.109,0.005,No_Damage
RC_Moment_Frame,NaN,2017,High_Code,C,0.153,No_Retrofit,0.131,0.177,0.119,0.908,0.264,0.029,Slight
Steel_Braced_Frame,1,1974,Pre_Code,B,0.158,No_Retrofit,0.746,0.930,0.087,1.003,1.179,0.149,Extensive
Unreinforced_Masonry,6,1973,NaN,C,0.328,Partial_Retrofit,0.360,NaN,0.033,0.819,2.198,0.378,Complete
Steel_Braced_Frame,4,1969,Pre_Code,B,0.419,No_Retrofit,0.426,NaN,NaN,NaN,1.160,0.117,Extensive
Unreinforced_Masonry,2,1958,Pre_Code,B,0.418,Extensive_Retrofit,0.346,0.365,0.056,0.762,0.719,0.073,Extensive
RC_Moment_Frame,1,2022,Moderate_Code,D,0.310,Extensive_Retrofit,0.546,0.797,0.141,0.948,0.893,0.033,Slight
Steel_Moment_Frame,7,1979,Low_Code,D,0.079,No_Retrofit,0.435,0.595,0.071,1.042,NaN,0.128,Extensive
RC_Shear_Wall,1,1983,Low_Code,E,0.109,No_Retrofit,0.485,0.651,0.099,NaN,0.676,0.042,Moderate
Steel_Braced_Frame,3,2003,Moderate_Code,D,0.205,No_Retrofit,0.235,0.329,0.118,NaN,0.396,0.010,No_Damage
RC_Moment_Frame,2,1962,Pre_Code,D,0.324,Partial_Retrofit,0.531,0.757,NaN,0.897,2.096,0.844,Complete
RC_Shear_Wall,2,1984,Low_Code,B,0.167,Partial_Retrofit,0.413,0.426,0.126,1.007,0.281,0.004,Slight
RC_Moment_Frame,2,1979,Moderate_Code,D,0.253,No_Retrofit,NaN,0.791,0.099,0.928,1.244,0.189,Extensive
RC_Moment_Frame,12,1995,High_Code,D,0.212,No_Retrofit,0.444,0.891,0.105,0.840,2.028,0.373,Extensive
RC_Shear_Wall,5,2022,High_Code,D,0.048,No_Retrofit,0.283,0.354,0.160,0.946,0.221,0.005,No_Damage
NaN,4,NaN,Low_Code,D,0.107,Extensive_Retrofit,0.078,0.109,0.151,1.103,0.080,0.005,No_Damage
Steel_Moment_Frame,NaN,NaN,Moderate_Code,C,0.413,No_Retrofit,0.759,1.186,0.079,0.734,4.641,1.747,Complete
Steel_Braced_Frame,5,NaN,High_Code,D,0.198,No_Retrofit,0.363,0.467,0.148,1.003,0.404,0.000,No_Damage
RC_Moment_Frame,1,1964,Low_Code,D,0.404,NaN,0.124,0.150,0.082,0.833,0.356,0.000,Slight
Steel_Braced_Frame,4,1967,Pre_Code,E,0.427,Extensive_Retrofit,0.151,0.230,0.095,0.860,0.519,0.000,Slight
Steel_Braced_Frame,6,1964,Pre_Code,C,0.280,Partial_Retrofit,0.506,0.568,0.083,0.928,0.894,0.145,Moderate
RC_Moment_Frame,17,NaN,Moderate_Code,C,NaN,No_Retrofit,0.415,0.642,0.067,0.740,3.260,0.576,Complete
RC_Moment_Frame,NaN,NaN,Low_Code,C,0.257,No_Retrofit,0.314,0.411,0.064,0.873,1.738,0.473,Extensive
NaN,1,1998,Moderate_Code,D,0.013,No_Retrofit,0.320,0.442,0.136,1.018,0.317,0.001,Slight
RC_Moment_Frame,1,NaN,NaN,C,0.246,No_Retrofit,0.197,0.227,0.116,0.933,0.324,0.012,Slight
Steel_Moment_Frame,7,1988,NaN,B,0.174,No_Retrofit,0.239,0.348,0.094,0.989,0.550,0.006,Moderate
RC_Shear_Wall,5,1985,Pre_Code,E,0.205,No_Retrofit,0.079,NaN,0.081,0.910,0.169,0.034,No_Damage
RC_Moment_Frame,7,1958,Pre_Code,B,0.457,No_Retrofit,0.399,0.587,0.061,0.815,2.534,0.705,Complete
RC_Shear_Wall,1,1957,Pre_Code,D,0.148,Partial_Retrofit,0.084,0.105,NaN,1.081,0.095,0.001,No_Damage
RC_Shear_Wall,10,NaN,Low_Code,C,0.233,No_Retrofit,0.500,0.609,0.097,1.033,0.703,0.039,Moderate
RC_Shear_Wall,7,1991,Low_Code,D,0.237,No_Retrofit,0.320,0.454,0.101,0.846,0.557,0.020,Moderate
Steel_Moment_Frame,3,2022,High_Code,NaN,0.195,No_Retrofit,0.218,0.302,NaN,1.041,0.275,0.022,No_Damage
NaN,2,1958,Pre_Code,E,0.359,Partial_Retrofit,0.650,0.946,0.056,0.790,2.881,0.359,Complete
Unreinforced_Masonry,1,1960,Pre_Code,NaN,0.310,Extensive_Retrofit,0.151,0.242,0.070,0.879,0.388,0.012,Moderate
RC_Shear_Wall,1,1978,Moderate_Code,B,0.281,No_Retrofit,0.338,0.396,0.135,0.896,0.344,0.000,Slight
RC_Shear_Wall,3,1954,Pre_Code,B,0.149,No_Retrofit,0.117,0.136,0.084,0.885,0.157,0.015,Slight
RC_Shear_Wall,1,1959,Pre_Code,C,0.272,No_Retrofit,0.118,0.138,0.083,0.956,NaN,0.035,No_Damage
Unreinforced_Masonry,2,1985,Low_Code,D,0.116,NaN,0.146,0.189,0.062,0.816,0.406,0.012,Moderate
Steel_Braced_Frame,2,1973,Low_Code,E,0.265,NaN,0.149,0.202,NaN,0.841,0.351,NaN,Slight
Steel_Braced_Frame,15,NaN,NaN,C,0.189,No_Retrofit,0.278,0.420,0.116,0.803,0.762,0.052,Moderate
RC_Shear_Wall,2,1987,Low_Code,D,0.027,No_Retrofit,0.301,NaN,0.124,1.044,0.234,0.014,Slight
RC_Moment_Frame,7,1954,Pre_Code,C,0.470,No_Retrofit,0.078,0.129,0.051,0.832,0.576,0.020,Moderate
Steel_Moment_Frame,5,1985,Moderate_Code,D,0.060,No_Retrofit,NaN,0.197,0.097,1.076,0.308,0.000,Slight
Steel_Moment_Frame,9,2019,High_Code,E,0.327,No_Retrofit,0.367,0.606,0.112,0.979,1.253,0.094,Moderate
RC_Shear_Wall,1,1984,Moderate_Code,NaN,0.230,No_Retrofit,0.327,0.385,NaN,NaN,0.345,0.020,Slight
RC_Moment_Frame,6,1998,Moderate_Code,D,0.067,No_Retrofit,0.183,0.298,NaN,0.963,0.517,0.027,Slight
Unreinforced_Masonry,6,1951,Pre_Code,B,0.394,Partial_Retrofit,0.224,0.264,0.030,0.747,1.478,0.166,Complete
Steel_Braced_Frame,8,2000,Low_Code,D,0.171,No_Retrofit,0.415,0.696,0.096,0.939,1.230,0.180,Extensive
RC_Moment_Frame,10,1973,Pre_Code,D,0.162,No_Retrofit,0.510,NaN,0.042,0.885,3.982,1.476,Complete
NaN,2,2006,Moderate_Code,C,0.041,NaN,0.172,0.207,0.118,1.059,0.202,0.024,No_Damage
RC_Moment_Frame,1,1982,Low_Code,C,0.146,No_Retrofit,NaN,0.439,0.080,0.984,1.011,0.106,Extensive
RC_Shear_Wall,5,2015,Moderate_Code,C,NaN,No_Retrofit,0.395,0.446,0.119,NaN,0.363,0.000,Slight
RC_Shear_Wall,14,1995,Moderate_Code,D,0.096,No_Retrofit,0.312,0.465,0.115,NaN,NaN,NaN,Slight
Steel_Braced_Frame,6,1972,Low_Code,D,NaN,Partial_Retrofit,0.341,NaN,0.085,0.975,0.718,0.016,Moderate
Steel_Braced_Frame,6,1963,Pre_Code,B,0.363,No_Retrofit,0.591,0.677,0.077,0.895,1.116,0.117,Extensive
Unreinforced_Masonry,1,1954,Low_Code,D,0.350,No_Retrofit,0.091,0.114,0.051,0.700,0.471,0.040,Extensive
RC_Shear_Wall,12,1994,Moderate_Code,D,0.107,No_Retrofit,0.573,0.777,0.101,0.872,NaN,0.049,Moderate
Unreinforced_Masonry,3,1966,Pre_Code,C,0.308,Partial_Retrofit,0.244,0.349,0.041,0.804,0.804,0.072,Complete
RC_Moment_Frame,3,1962,Low_Code,B,0.310,Extensive_Retrofit,0.277,0.303,0.098,0.996,NaN,0.025,Slight
RC_Moment_Frame,4,NaN,Low_Code,D,0.432,Partial_Retrofit,0.132,0.171,0.098,0.842,0.411,0.006,Slight
RC_Moment_Frame,5,1974,Pre_Code,E,0.326,Partial_Retrofit,0.350,0.448,0.068,0.998,1.122,0.277,Extensive
NaN,2,2020,High_Code,C,0.028,No_Retrofit,0.376,0.476,0.166,1.050,0.244,0.029,Slight
Steel_Braced_Frame,2,2004,High_Code,C,0.200,No_Retrofit,0.392,0.437,0.161,0.888,0.269,0.025,Slight
Steel_Moment_Frame,5,2014,Moderate_Code,C,0.137,No_Retrofit,0.058,0.083,0.113,1.012,0.117,0.033,No_Damage
RC_Moment_Frame,3,1959,Pre_Code,NaN,0.336,No_Retrofit,0.301,0.378,0.063,0.991,1.192,0.349,Complete
Steel_Moment_Frame,4,2001,High_Code,C,0.141,Extensive_Retrofit,0.080,0.097,0.167,1.025,NaN,0.000,No_Damage
RC_Shear_Wall,2,2000,Low_Code,C,0.204,No_Retrofit,0.663,0.889,0.108,0.978,0.846,0.052,Extensive
Steel_Moment_Frame,5,1978,Moderate_Code,D,0.377,No_Retrofit,0.708,1.001,0.112,0.910,2.005,0.607,Extensive
Steel_Braced_Frame,5,2017,High_Code,D,0.084,No_Retrofit,0.110,NaN,0.137,1.014,0.155,0.000,No_Damage
RC_Shear_Wall,2,2010,High_Code,C,0.152,No_Retrofit,0.415,0.523,0.170,1.034,0.223,0.003,Slight
Steel_Braced_Frame,2,2009,High_Code,C,0.083,No_Retrofit,0.584,0.651,0.141,0.955,0.751,0.040,Moderate
RC_Moment_Frame,3,2005,High_Code,D,0.180,No_Retrofit,0.136,0.208,0.137,0.978,0.295,0.013,No_Damage
Steel_Braced_Frame,2,1980,Pre_Code,B,0.070,No_Retrofit,0.445,0.570,0.095,1.090,0.474,0.017,Moderate
Steel_Moment_Frame,12,1994,Moderate_Code,B,0.065,Partial_Retrofit,NaN,0.193,0.105,1.051,0.216,0.000,No_Damage
Unreinforced_Masonry,2,1968,Pre_Code,E,0.401,Partial_Retrofit,0.476,0.662,0.049,0.802,2.000,0.301,Complete
Steel_Moment_Frame,11,1985,Moderate_Code,B,0.152,No_Retrofit,0.112,0.169,0.096,0.962,0.334,0.033,Slight
RC_Moment_Frame,1,2002,Moderate_Code,D,0.189,NaN,NaN,0.386,0.108,0.916,0.459,0.005,Slight
Steel_Moment_Frame,4,2003,NaN,E,0.215,No_Retrofit,0.174,0.267,0.129,NaN,0.342,0.000,No_Damage
Steel_Braced_Frame,16,1998,High_Code,NaN,0.142,No_Retrofit,0.110,0.169,0.123,0.910,0.168,0.042,No_Damage
RC_Shear_Wall,4,2022,High_Code,C,0.089,No_Retrofit,0.409,0.578,0.158,NaN,0.312,NaN,Slight
Unreinforced_Masonry,4,1984,Low_Code,D,0.234,No_Retrofit,0.234,0.337,0.048,0.779,1.007,0.102,Extensive
RC_Shear_Wall,4,1989,Pre_Code,E,0.026,No_Retrofit,0.207,0.306,0.085,1.094,0.335,0.000,Slight
Unreinforced_Masonry,2,1966,Pre_Code,E,0.384,Partial_Retrofit,0.631,0.933,0.046,0.845,NaN,0.476,Complete
Steel_Moment_Frame,20,2005,High_Code,NaN,0.152,No_Retrofit,0.194,0.316,0.099,0.899,0.600,0.006,Slight
Steel_Braced_Frame,20,1956,Low_Code,B,0.320,Extensive_Retrofit,0.198,0.285,0.083,0.802,0.590,0.009,Slight
Steel_Braced_Frame,11,1994,Low_Code,D,0.201,No_Retrofit,0.653,1.086,0.083,0.894,2.311,0.351,Complete
Steel_Braced_Frame,2,2008,Moderate_Code,C,NaN,No_Retrofit,0.621,0.736,0.150,0.930,0.645,NaN,Slight
RC_Moment_Frame,13,2016,High_Code,C,0.251,No_Retrofit,0.075,0.140,NaN,0.905,NaN,0.005,No_Damage
RC_Shear_Wall,16,2021,High_Code,B,0.111,No_Retrofit,0.283,0.371,0.137,0.841,0.341,NaN,Slight
NaN,2,1983,Moderate_Code,C,0.028,No_Retrofit,0.603,0.831,0.126,1.027,0.646,0.018,Moderate
Steel_Braced_Frame,1,2010,High_Code,D,NaN,No_Retrofit,0.166,0.215,0.158,0.937,NaN,0.013,No_Damage
Steel_Braced_Frame,8,1957,Pre_Code,C,NaN,Partial_Retrofit,0.220,0.310,0.080,0.927,0.449,0.000,Moderate
Unreinforced_Masonry,4,1967,Pre_Code,NaN,0.224,No_Retrofit,0.144,0.159,0.030,0.789,0.831,0.119,Complete
Steel_Braced_Frame,13,1965,Pre_Code,C,0.319,NaN,0.052,0.091,0.074,0.960,0.184,0.000,Slight
Steel_Moment_Frame,2,1998,High_Code,D,0.115,No_Retrofit,0.434,0.570,0.136,1.070,0.583,NaN,Slight
RC_Moment_Frame,12,1968,Pre_Code,NaN,0.415,Partial_Retrofit,0.420,0.671,0.050,0.927,2.879,1.573,Complete
RC_Moment_Frame,2,2017,High_Code,C,0.272,No_Retrofit,NaN,0.595,0.121,0.961,0.594,0.000,Moderate
Unreinforced_Masonry,3,1962,Pre_Code,B,0.244,No_Retrofit,0.430,0.517,0.030,0.787,2.197,0.323,Complete
RC_Moment_Frame,2,1982,Moderate_Code,C,0.169,NaN,0.200,0.224,0.106,NaN,0.420,0.000,Slight
Steel_Moment_Frame,14,2003,Moderate_Code,E,0.152,No_Retrofit,0.094,0.189,0.088,0.894,NaN,0.010,Slight
Steel_Moment_Frame,5,1979,Moderate_Code,NaN,NaN,NaN,0.816,1.241,0.101,0.876,2.244,0.586,Extensive
RC_Moment_Frame,NaN,NaN,Moderate_Code,D,0.035,No_Retrofit,0.258,0.380,0.110,0.922,0.560,0.022,Slight
Unreinforced_Masonry,1,1973,Pre_Code,D,0.310,Partial_Retrofit,NaN,0.379,0.065,0.797,0.840,0.101,Extensive
RC_Shear_Wall,19,1997,Moderate_Code,C,0.018,No_Retrofit,0.650,1.039,0.101,0.861,1.393,0.145,Extensive
RC_Shear_Wall,5,1981,Moderate_Code,D,0.106,Extensive_Retrofit,0.460,0.619,0.160,1.062,NaN,0.022,Slight
RC_Shear_Wall,9,2020,Low_Code,D,0.095,Partial_Retrofit,0.144,0.166,0.125,NaN,0.141,0.002,No_Damage
RC_Shear_Wall,4,2021,NaN,B,0.023,No_Retrofit,0.442,0.500,0.171,1.003,0.328,NaN,Slight
RC_Shear_Wall,4,2003,High_Code,B,0.070,No_Retrofit,0.648,0.650,0.164,NaN,0.465,0.000,Slight
Steel_Moment_Frame,7,1972,Low_Code,D,NaN,No_Retrofit,0.116,0.202,0.064,0.974,0.773,0.004,Moderate
Unreinforced_Masonry,2,1966,Pre_Code,E,0.406,NaN,0.589,0.936,0.037,0.716,3.820,NaN,Complete
RC_Shear_Wall,12,2000,Moderate_Code,C,0.183,No_Retrofit,0.196,0.267,0.124,0.922,0.356,0.020,Slight
Steel_Braced_Frame,5,1997,Low_Code,D,0.034,No_Retrofit,0.142,0.185,0.098,1.064,0.191,0.005,Slight
NaN,1,NaN,Moderate_Code,D,NaN,No_Retrofit,0.710,0.977,0.111,0.875,1.460,0.316,Extensive
Steel_Braced_Frame,16,1978,Moderate_Code,C,0.121,No_Retrofit,0.648,NaN,0.082,0.966,2.055,0.328,Extensive
Steel_Braced_Frame,5,2018,Moderate_Code,NaN,NaN,NaN,0.275,0.329,0.130,1.056,0.249,0.002,No_Damage
RC_Shear_Wall,5,2013,High_Code,B,0.045,No_Retrofit,0.067,0.082,0.171,0.984,0.080,0.030,No_Damage
Steel_Braced_Frame,20,2020,High_Code,D,0.313,No_Retrofit,0.113,0.204,0.114,0.700,0.495,0.011,No_Damage
RC_Shear_Wall,7,1989,Moderate_Code,C,0.105,No_Retrofit,0.149,0.183,0.131,0.990,0.134,NaN,No_Damage
Unreinforced_Masonry,2,1975,Pre_Code,C,0.251,No_Retrofit,0.110,0.129,0.037,0.833,0.599,0.082,Extensive
Steel_Moment_Frame,9,1991,NaN,D,0.202,No_Retrofit,0.260,0.377,0.066,0.965,0.882,0.014,Moderate
Steel_Braced_Frame,7,1970,Pre_Code,D,0.230,Partial_Retrofit,0.120,0.171,0.088,1.015,0.323,NaN,Slight
Unreinforced_Masonry,3,1971,Pre_Code,B,NaN,No_Retrofit,0.247,0.255,0.030,0.826,1.373,0.128,Complete
Unreinforced_Masonry,1,1969,Low_Code,C,0.206,Partial_Retrofit,0.144,0.158,0.069,0.791,0.275,0.023,Moderate
RC_Moment_Frame,12,1991,Moderate_Code,D,0.315,Extensive_Retrofit,0.312,0.629,NaN,0.896,0.960,0.034,Moderate
Unreinforced_Masonry,6,1956,Low_Code,D,0.484,No_Retrofit,0.084,0.112,0.044,0.736,NaN,0.039,Extensive
Steel_Braced_Frame,4,1958,Pre_Code,D,0.374,No_Retrofit,0.258,0.276,0.066,NaN,0.757,0.062,Extensive
RC_Shear_Wall,15,2007,High_Code,C,0.161,No_Retrofit,0.560,0.814,0.141,0.864,0.814,0.035,Moderate
Steel_Moment_Frame,15,1983,Low_Code,D,0.013,Extensive_Retrofit,0.355,0.683,0.081,1.043,1.244,0.086,Moderate
RC_Moment_Frame,1,1978,Low_Code,D,0.257,Partial_Retrofit,0.117,0.152,0.087,0.928,0.377,0.000,Slight
Steel_Braced_Frame,3,1978,Low_Code,D,0.343,Partial_Retrofit,0.108,0.170,0.082,0.847,0.318,0.011,Slight
Unreinforced_Masonry,1,1988,Pre_Code,D,0.102,No_Retrofit,0.363,0.400,NaN,0.864,0.723,0.049,Extensive
Unreinforced_Masonry,6,1976,Moderate_Code,C,0.348,Extensive_Retrofit,0.237,0.318,0.092,0.804,NaN,0.003,Moderate
Steel_Braced_Frame,3,1976,Low_Code,C,0.305,No_Retrofit,0.347,0.423,0.090,0.759,0.823,0.032,Moderate
RC_Shear_Wall,4,1965,Pre_Code,D,0.234,No_Retrofit,0.124,0.155,0.076,0.944,0.221,0.000,Slight
RC_Shear_Wall,17,1981,Low_Code,D,0.228,Partial_Retrofit,0.140,0.215,0.089,0.848,0.297,0.004,Slight
RC_Shear_Wall,NaN,1987,Low_Code,NaN,0.202,Extensive_Retrofit,0.290,0.373,0.133,1.124,0.340,0.023,Slight
RC_Shear_Wall,3,2014,Moderate_Code,C,0.048,No_Retrofit,0.464,0.609,0.128,0.979,0.458,0.029,Slight
RC_Shear_Wall,16,1985,Low_Code,E,0.165,No_Retrofit,0.759,1.282,0.082,0.827,2.299,0.360,Complete
Steel_Moment_Frame,2,NaN,High_Code,D,0.369,No_Retrofit,0.090,0.095,0.151,0.950,0.142,0.004,No_Damage
Steel_Moment_Frame,12,2002,Low_Code,B,NaN,No_Retrofit,NaN,0.396,0.066,0.922,0.926,0.034,Moderate
RC_Moment_Frame,2,2009,NaN,C,0.125,No_Retrofit,0.118,0.184,0.114,0.901,0.214,NaN,Slight
Steel_Braced_Frame,4,NaN,High_Code,D,0.088,Partial_Retrofit,0.304,0.511,0.183,1.041,0.250,0.000,No_Damage
RC_Shear_Wall,9,1979,Moderate_Code,D,0.186,No_Retrofit,0.758,0.998,0.122,0.913,NaN,NaN,Extensive
Steel_Moment_Frame,3,1999,Moderate_Code,D,0.060,No_Retrofit,0.208,0.325,0.116,0.961,0.390,0.000,Slight
RC_Moment_Frame,3,2016,High_Code,E,0.135,No_Retrofit,0.743,NaN,0.137,1.024,NaN,0.064,Moderate
Steel_Moment_Frame,10,2004,Moderate_Code,C,0.269,No_Retrofit,0.297,0.431,0.099,0.995,0.927,0.027,Moderate
RC_Shear_Wall,12,1991,Low_Code,C,0.109,Partial_Retrofit,0.559,0.806,0.119,0.989,0.654,0.047,Moderate
Steel_Moment_Frame,NaN,1965,Pre_Code,E,0.528,Partial_Retrofit,0.504,0.757,0.067,0.915,1.929,0.328,Extensive
Steel_Braced_Frame,4,2010,High_Code,E,0.112,No_Retrofit,0.165,0.252,0.135,0.993,0.232,0.005,No_Damage
Steel_Moment_Frame,4,2011,High_Code,D,0.248,NaN,0.272,0.384,0.133,1.019,0.517,NaN,Slight
NaN,1,1964,Pre_Code,D,0.497,Partial_Retrofit,0.219,0.308,0.043,0.700,1.288,0.230,Complete
RC_Moment_Frame,NaN,1989,Moderate_Code,B,0.141,Partial_Retrofit,0.058,0.061,0.116,NaN,0.091,0.000,No_Damage
Steel_Braced_Frame,3,1991,Moderate_Code,D,0.125,Extensive_Retrofit,0.135,0.176,0.151,1.016,0.101,0.033,No_Damage
Steel_Moment_Frame,12,1993,Low_Code,NaN,0.308,No_Retrofit,0.193,0.331,0.080,0.913,0.838,0.018,Moderate
Unreinforced_Masonry,6,1972,Pre_Code,C,0.375,Partial_Retrofit,0.572,0.702,0.038,0.787,2.500,0.361,Complete
Steel_Braced_Frame,6,1967,Pre_Code,C,0.370,No_Retrofit,0.224,0.310,0.073,0.880,NaN,0.019,Moderate
Steel_Moment_Frame,6,1967,Pre_Code,C,0.348,Partial_Retrofit,0.254,0.348,0.070,1.015,0.883,0.040,Moderate
RC_Moment_Frame,18,2000,Moderate_Code,C,0.191,No_Retrofit,0.766,1.350,0.070,0.828,4.587,1.800,Complete
RC_Shear_Wall,2,NaN,High_Code,C,0.175,No_Retrofit,0.544,0.666,NaN,NaN,0.556,0.001,Moderate
Steel_Moment_Frame,6,1964,Low_Code,C,0.183,No_Retrofit,0.134,0.186,0.075,0.928,0.445,0.014,Slight
Steel_Braced_Frame,6,2000,Moderate_Code,C,0.239,No_Retrofit,0.208,0.263,0.130,0.908,0.276,0.012,No_Damage
NaN,6,1990,Low_Code,D,0.237,No_Retrofit,0.165,0.206,0.106,1.039,0.201,0.025,Slight
NaN,3,1967,Pre_Code,C,0.172,Extensive_Retrofit,0.244,0.269,0.081,0.962,0.449,0.030,Slight
Steel_Moment_Frame,12,1977,Moderate_Code,C,0.407,No_Retrofit,0.232,0.395,0.088,0.877,1.186,0.168,Extensive
Steel_Moment_Frame,16,1990,Low_Code,D,0.130,Extensive_Retrofit,0.381,0.678,0.088,0.978,1.428,0.123,Extensive
Steel_Braced_Frame,5,1990,Low_Code,E,0.047,Partial_Retrofit,0.254,0.389,NaN,1.004,0.382,0.014,No_Damage
RC_Moment_Frame,4,2020,High_Code,D,0.239,No_Retrofit,0.145,0.203,0.141,0.912,NaN,0.014,No_Damage
RC_Shear_Wall,8,2016,High_Code,C,0.172,No_Retrofit,0.655,0.805,0.160,1.040,0.570,0.017,Slight
Steel_Moment_Frame,11,2009,High_Code,D,0.251,No_Retrofit,0.152,0.311,0.127,0.980,NaN,0.005,Slight
Steel_Moment_Frame,2,1957,Pre_Code,C,0.381,Partial_Retrofit,0.142,0.209,0.066,0.920,0.438,0.039,Slight
RC_Shear_Wall,4,2020,NaN,C,NaN,No_Retrofit,0.305,0.364,0.166,1.116,0.201,0.018,Slight
RC_Shear_Wall,4,1992,Moderate_Code,C,0.195,No_Retrofit,0.131,0.147,0.137,0.962,0.101,0.022,No_Damage
Steel_Braced_Frame,4,1988,Low_Code,D,NaN,No_Retrofit,0.380,0.492,0.105,0.951,NaN,0.000,Moderate
Steel_Braced_Frame,15,1950,Pre_Code,C,0.355,Extensive_Retrofit,0.260,0.389,0.084,0.961,NaN,NaN,Moderate
Steel_Braced_Frame,8,1951,Pre_Code,B,0.353,No_Retrofit,0.560,0.675,0.070,0.863,1.866,0.251,Complete
RC_Shear_Wall,10,2006,High_Code,C,0.189,No_Retrofit,0.225,0.308,0.170,1.047,0.177,0.015,No_Damage
RC_Shear_Wall,4,1989,Pre_Code,D,0.059,No_Retrofit,0.216,0.276,0.092,0.963,0.313,0.000,Slight
RC_Moment_Frame,3,1974,Pre_Code,D,0.241,Partial_Retrofit,0.347,0.456,0.078,1.012,0.799,0.080,Moderate
Steel_Braced_Frame,19,2007,Moderate_Code,C,0.147,No_Retrofit,0.052,0.082,0.096,0.834,0.146,0.007,No_Damage
NaN,20,1987,Moderate_Code,D,0.056,No_Retrofit,0.289,0.421,0.079,0.955,1.143,0.091,Moderate
NaN,2,1982,Low_Code,D,0.163,No_Retrofit,NaN,NaN,0.087,1.021,0.768,NaN,Moderate
RC_Moment_Frame,11,1981,Low_Code,D,0.158,No_Retrofit,0.251,0.444,0.065,0.863,2.030,NaN,Complete
Steel_Moment_Frame,15,2021,High_Code,C,0.139,No_Retrofit,0.252,0.457,0.126,1.000,0.719,0.043,Slight
RC_Shear_Wall,4,2018,High_Code,D,0.114,No_Retrofit,0.343,0.498,0.154,0.916,0.374,0.000,Slight
Unreinforced_Masonry,6,1966,Pre_Code,C,0.279,Extensive_Retrofit,0.113,NaN,0.043,0.800,0.421,NaN,Moderate
Unreinforced_Masonry,6,1963,Pre_Code,D,0.383,Partial_Retrofit,0.461,0.674,0.034,0.736,3.178,0.562,Complete
Steel_Braced_Frame,2,1978,Moderate_Code,B,0.235,No_Retrofit,0.194,0.226,0.126,0.946,0.196,0.011,Slight
Unreinforced_Masonry,1,1965,Pre_Code,C,NaN,Extensive_Retrofit,0.083,NaN,0.066,0.815,0.196,0.029,Moderate
Steel_Moment_Frame,14,2018,NaN,C,0.295,No_Retrofit,0.265,0.500,0.125,0.889,0.959,0.005,Moderate
Unreinforced_Masonry,2,1960,Pre_Code,D,0.371,Partial_Retrofit,0.276,0.364,0.046,0.781,1.127,0.154,Complete
RC_Moment_Frame,2,1965,Pre_Code,B,0.332,No_Retrofit,0.167,0.178,0.048,0.897,0.738,0.069,Extensive
Steel_Moment_Frame,5,1977,Low_Code,D,0.198,No_Retrofit,0.285,0.386,0.080,1.023,0.946,0.085,Moderate
Steel_Braced_Frame,5,1979,Low_Code,C,0.216,NaN,0.269,0.344,0.121,1.067,0.315,0.000,Slight
RC_Shear_Wall,8,2012,High_Code,D,NaN,No_Retrofit,0.291,0.376,0.157,0.997,0.272,NaN,Slight
Unreinforced_Masonry,NaN,1956,Pre_Code,D,0.297,No_Retrofit,NaN,0.631,0.037,0.758,2.859,0.588,Complete
Steel_Braced_Frame,3,NaN,Moderate_Code,D,0.062,No_Retrofit,0.161,0.241,0.118,0.957,0.239,0.003,No_Damage
Steel_Braced_Frame,14,2008,Moderate_Code,D,0.098,No_Retrofit,0.395,0.765,0.109,0.946,1.202,0.157,Extensive
NaN,7,2014,High_Code,D,0.111,No_Retrofit,0.075,0.127,0.130,0.964,0.181,0.012,No_Damage
RC_Shear_Wall,2,1980,Low_Code,C,0.196,No_Retrofit,0.252,0.279,0.106,0.921,0.362,0.011,Slight
Steel_Moment_Frame,4,1980,High_Code,D,0.114,Extensive_Retrofit,0.315,NaN,0.149,1.147,0.263,0.026,No_Damage
RC_Shear_Wall,2,1991,Low_Code,C,0.191,No_Retrofit,0.172,0.215,0.110,0.950,0.185,0.000,No_Damage
RC_Shear_Wall,1,2010,NaN,D,0.049,No_Retrofit,0.077,0.092,NaN,0.944,0.080,0.013,No_Damage
RC_Shear_Wall,5,1958,Pre_Code,D,NaN,Partial_Retrofit,0.624,0.824,0.098,0.917,0.879,0.102,Extensive
RC_Shear_Wall,4,2012,High_Code,C,0.144,No_Retrofit,0.540,0.605,0.179,0.979,0.292,0.022,Slight
Steel_Braced_Frame,10,2002,Moderate_Code,C,0.077,No_Retrofit,0.290,0.487,0.118,1.040,0.519,0.000,Moderate
Steel_Moment_Frame,4,1984,Moderate_Code,C,0.263,No_Retrofit,0.195,0.237,0.100,1.021,0.353,0.028,Slight
Steel_Braced_Frame,5,1954,Pre_Code,D,0.226,NaN,0.154,0.203,0.108,0.975,0.312,0.004,Slight
Steel_Moment_Frame,7,1985,Moderate_Code,E,0.084,No_Retrofit,0.734,1.121,0.102,NaN,1.661,0.202,Extensive
Steel_Braced_Frame,2,1977,Low_Code,NaN,0.349,NaN,0.329,0.445,NaN,0.876,0.717,0.035,Moderate
Steel_Moment_Frame,4,1958,Pre_Code,D,NaN,No_Retrofit,0.312,0.412,0.065,NaN,1.152,0.140,Extensive
RC_Moment_Frame,2,2005,High_Code,E,0.202,No_Retrofit,0.170,0.275,0.137,0.784,0.536,0.012,Slight
RC_Moment_Frame,11,2011,Moderate_Code,B,0.185,Partial_Retrofit,0.199,0.267,0.114,NaN,NaN,0.000,Slight
Steel_Moment_Frame,NaN,1977,Moderate_Code,C,0.428,No_Retrofit,0.575,0.690,0.095,0.946,1.295,0.073,Moderate
Unreinforced_Masonry,5,1978,Low_Code,D,0.338,Extensive_Retrofit,0.255,NaN,0.075,0.908,0.433,0.027,Moderate
RC_Shear_Wall,2,1955,NaN,D,NaN,No_Retrofit,0.138,0.179,0.094,0.868,0.259,0.034,Slight
RC_Shear_Wall,10,1989,Moderate_Code,NaN,0.337,No_Retrofit,0.132,0.198,0.118,0.935,0.214,0.030,Slight
RC_Moment_Frame,6,1950,Pre_Code,C,0.378,No_Retrofit,0.300,NaN,0.045,0.910,NaN,0.550,Complete
Steel_Moment_Frame,7,1996,Moderate_Code,B,0.145,No_Retrofit,0.086,0.093,0.107,1.010,0.105,0.022,No_Damage
Unreinforced_Masonry,1,1950,Pre_Code,C,0.327,Extensive_Retrofit,0.153,0.195,0.068,0.713,0.360,0.028,Extensive
Steel_Moment_Frame,17,NaN,Low_Code,C,0.061,No_Retrofit,0.213,0.320,0.065,0.946,0.929,NaN,Moderate
Steel_Moment_Frame,1,1973,Pre_Code,NaN,0.349,Extensive_Retrofit,NaN,0.423,0.092,1.048,0.583,0.000,Moderate
RC_Shear_Wall,10,1979,Low_Code,D,0.191,No_Retrofit,0.191,0.295,0.088,0.916,0.405,0.039,Slight
NaN,2,1979,Low_Code,B,0.193,No_Retrofit,0.438,0.452,0.075,0.903,1.131,0.128,Extensive
Steel_Moment_Frame,2,1993,Moderate_Code,D,0.134,Extensive_Retrofit,0.096,0.125,0.147,1.029,0.088,0.010,No_Damage
RC_Shear_Wall,1,NaN,Moderate_Code,C,0.066,No_Retrofit,0.269,0.259,0.152,0.870,0.187,0.004,Slight
RC_Shear_Wall,7,2018,Moderate_Code,D,NaN,Partial_Retrofit,0.059,0.084,0.139,1.097,NaN,0.009,No_Damage
RC_Shear_Wall,4,2005,Moderate_Code,B,0.044,NaN,0.424,NaN,NaN,1.011,0.336,0.000,Slight
Unreinforced_Masonry,3,NaN,Low_Code,C,NaN,NaN,0.610,0.584,0.047,0.840,1.696,0.266,Complete
Steel_Braced_Frame,12,1959,NaN,NaN,NaN,No_Retrofit,0.398,0.596,0.066,0.866,NaN,0.288,Complete
Steel_Moment_Frame,4,1958,Pre_Code,E,0.352,No_Retrofit,0.267,0.476,0.070,0.916,1.396,0.223,Extensive
Steel_Braced_Frame,4,1979,Moderate_Code,D,0.232,Partial_Retrofit,0.151,0.208,0.124,0.961,0.238,0.012,No_Damage
RC_Shear_Wall,5,1981,NaN,C,0.159,No_Retrofit,0.298,0.372,0.129,1.001,0.375,0.001,Slight
Steel_Moment_Frame,5,1996,NaN,C,0.055,No_Retrofit,0.439,0.600,0.123,1.087,0.718,0.000,Slight
Unreinforced_Masonry,7,1973,Pre_Code,E,0.270,No_Retrofit,0.832,1.346,0.030,0.792,5.500,0.637,Complete
Unreinforced_Masonry,3,1962,Pre_Code,C,0.321,No_Retrofit,0.240,0.288,0.045,0.808,0.969,0.073,Complete
Unreinforced_Masonry,2,1962,Pre_Code,C,0.398,Partial_Retrofit,0.522,0.640,0.059,0.749,1.780,0.170,Complete
Steel_Braced_Frame,8,1966,Pre_Code,D,0.357,NaN,0.088,0.105,0.059,0.835,NaN,0.012,Slight
NaN,10,2012,High_Code,E,0.238,No_Retrofit,0.344,0.632,0.122,0.973,0.858,0.026,Slight
RC_Moment_Frame,4,2014,Moderate_Code,B,0.216,NaN,0.101,0.127,0.111,0.921,0.202,0.000,No_Damage
RC_Shear_Wall,3,1959,Pre_Code,C,0.315,Partial_Retrofit,0.261,0.280,0.102,0.895,0.337,0.026,Moderate
RC_Shear_Wall,4,1992,NaN,E,0.171,No_Retrofit,0.329,0.432,NaN,0.900,0.514,0.022,Moderate
Steel_Braced_Frame,NaN,1964,Low_Code,C,0.450,No_Retrofit,0.338,0.454,0.092,0.875,0.867,0.059,Extensive
Steel_Braced_Frame,2,2009,High_Code,NaN,0.030,No_Retrofit,0.425,0.457,0.130,0.972,0.341,0.011,No_Damage
Unreinforced_Masonry,1,1979,Moderate_Code,D,0.249,Partial_Retrofit,0.445,0.634,0.083,0.806,1.040,0.079,Complete
Steel_Braced_Frame,10,1975,Moderate_Code,D,0.347,No_Retrofit,0.256,0.414,0.085,0.871,0.756,0.036,Moderate
NaN,7,1977,Low_Code,C,NaN,No_Retrofit,0.377,0.550,0.100,1.070,NaN,0.044,Moderate
Steel_Braced_Frame,1,2004,Moderate_Code,E,0.044,No_Retrofit,0.266,0.417,0.134,1.049,0.326,0.000,Slight
RC_Shear_Wall,1,2011,High_Code,D,0.057,NaN,0.450,0.636,NaN,0.940,NaN,0.000,Slight
Steel_Moment_Frame,2,1952,Low_Code,B,0.418,Partial_Retrofit,0.296,0.328,NaN,0.920,0.684,0.014,Moderate
RC_Moment_Frame,7,NaN,High_Code,NaN,0.093,No_Retrofit,0.420,0.627,0.130,NaN,0.913,NaN,Moderate
RC_Moment_Frame,1,2015,High_Code,C,NaN,No_Retrofit,0.277,0.340,0.139,0.887,0.390,0.006,Slight
Steel_Moment_Frame,2,2009,Moderate_Code,NaN,0.045,No_Retrofit,0.556,0.648,0.108,1.036,NaN,0.014,Moderate
RC_Shear_Wall,10,2004,High_Code,D,0.186,No_Retrofit,0.263,0.328,0.136,0.908,0.357,0.005,Slight
RC_Moment_Frame,2,NaN,Low_Code,C,0.129,No_Retrofit,0.263,NaN,0.088,0.904,0.576,0.000,Moderate
Steel_Moment_Frame,5,1983,Moderate_Code,B,0.208,NaN,0.519,0.540,0.117,0.960,0.697,0.000,Slight
RC_Moment_Frame,1,2000,NaN,B,0.176,No_Retrofit,0.180,0.219,0.144,0.934,0.223,0.020,No_Damage
Steel_Moment_Frame,1,1976,Low_Code,C,0.177,No_Retrofit,0.528,0.550,0.086,1.075,0.751,0.034,Moderate
Unreinforced_Masonry,3,1978,Low_Code,D,0.161,No_Retrofit,0.286,0.379,0.048,0.774,1.445,0.230,Complete
RC_Shear_Wall,16,1989,Low_Code,D,0.072,Partial_Retrofit,0.310,0.459,0.106,0.903,0.643,0.043,Moderate
RC_Shear_Wall,10,2005,Moderate_Code,E,0.196,No_Retrofit,0.742,1.147,0.124,0.956,1.343,0.182,Extensive
RC_Shear_Wall,9,2022,Moderate_Code,C,0.213,No_Retrofit,0.207,0.269,0.124,1.007,0.245,0.005,Slight
RC_Shear_Wall,7,1961,Low_Code,C,0.350,Extensive_Retrofit,0.176,0.185,NaN,0.915,0.195,0.002,Slight
RC_Moment_Frame,7,2017,High_Code,C,0.106,No_Retrofit,0.218,0.318,NaN,1.026,0.423,0.022,Slight
RC_Moment_Frame,1,1994,Moderate_Code,C,0.249,No_Retrofit,0.278,0.321,NaN,0.886,0.735,NaN,Moderate
Steel_Moment_Frame,2,2015,Moderate_Code,C,0.190,No_Retrofit,NaN,0.538,0.119,0.950,0.675,0.000,Moderate
RC_Shear_Wall,14,1994,Moderate_Code,D,0.207,No_Retrofit,0.066,0.097,0.096,0.818,0.143,0.023,No_Damage
Unreinforced_Masonry,NaN,1957,Low_Code,E,0.216,Extensive_Retrofit,0.646,0.922,0.084,0.901,1.403,0.425,Complete
Unreinforced_Masonry,3,1973,Pre_Code,E,0.382,Partial_Retrofit,0.414,0.529,0.030,0.763,2.279,0.388,Complete
RC_Moment_Frame,3,1964,Pre_Code,C,0.320,No_Retrofit,0.148,0.164,0.066,0.882,0.444,0.004,Moderate
Unreinforced_Masonry,3,1968,Pre_Code,E,0.317,Partial_Retrofit,0.480,0.764,0.052,0.749,NaN,0.344,Complete
RC_Moment_Frame,NaN,1978,Moderate_Code,C,0.255,No_Retrofit,0.343,0.370,0.097,0.876,0.581,0.011,Slight
Steel_Braced_Frame,6,1986,Moderate_Code,B,0.371,Partial_Retrofit,NaN,0.056,NaN,0.896,0.080,0.004,No_Damage
RC_Moment_Frame,6,1994,Moderate_Code,E,0.074,No_Retrofit,0.264,0.411,0.093,0.959,0.865,0.081,Moderate
RC_Moment_Frame,9,1984,Low_Code,D,0.168,No_Retrofit,NaN,0.286,0.068,0.898,0.757,0.036,Moderate
RC_Moment_Frame,NaN,1985,Moderate_Code,C,NaN,No_Retrofit,0.448,0.805,0.082,0.739,3.059,0.964,Complete
Steel_Moment_Frame,1,1951,Pre_Code,C,0.303,No_Retrofit,0.423,NaN,0.037,1.082,2.439,0.646,Complete
Unreinforced_Masonry,2,1976,Low_Code,C,0.373,No_Retrofit,0.198,NaN,0.052,0.700,0.803,0.062,Complete
RC_Moment_Frame,NaN,1965,Pre_Code,D,NaN,No_Retrofit,0.412,0.607,0.055,0.925,1.901,0.664,Complete
Steel_Braced_Frame,4,2009,Moderate_Code,C,0.051,No_Retrofit,0.489,0.651,0.129,NaN,NaN,0.056,Moderate
RC_Shear_Wall,3,2014,High_Code,E,0.016,No_Retrofit,0.379,0.495,0.175,0.920,0.343,0.000,Slight
Steel_Braced_Frame,4,1992,Low_Code,B,0.184,Extensive_Retrofit,0.322,0.416,0.121,1.027,0.329,0.007,Slight
Steel_Braced_Frame,4,2000,Moderate_Code,C,0.022,No_Retrofit,0.283,0.336,0.123,1.008,0.364,0.021,Slight
Steel_Moment_Frame,NaN,1989,Low_Code,D,0.388,No_Retrofit,0.774,1.192,0.066,0.987,NaN,0.898,Complete
Steel_Braced_Frame,4,2001,Moderate_Code,D,0.249,Partial_Retrofit,0.480,0.585,0.154,0.979,0.464,0.000,Slight
Unreinforced_Masonry,3,1964,Pre_Code,C,0.186,Partial_Retrofit,0.300,0.373,0.046,0.832,0.943,0.162,Complete
RC_Shear_Wall,8,NaN,Low_Code,D,0.095,No_Retrofit,0.165,0.232,0.107,0.949,0.293,0.000,No_Damage
Steel_Braced_Frame,11,1978,Moderate_Code,NaN,0.253,Partial_Retrofit,0.061,0.108,0.116,1.021,0.100,0.053,No_Damage
Unreinforced_Masonry,3,1968,Pre_Code,E,0.166,No_Retrofit,0.190,NaN,0.039,NaN,0.889,0.141,Complete
NaN,19,1974,Low_Code,D,0.348,Partial_Retrofit,NaN,0.416,0.058,0.711,NaN,0.802,Complete
RC_Shear_Wall,5,2019,High_Code,D,0.134,No_Retrofit,0.331,0.466,0.180,0.983,0.264,0.015,Slight
RC_Moment_Frame,10,1951,Pre_Code,D,0.245,No_Retrofit,0.276,0.540,0.046,0.911,2.977,0.972,Complete
RC_Moment_Frame,11,1997,Moderate_Code,D,0.205,No_Retrofit,0.333,0.613,0.088,0.886,1.780,NaN,Extensive
Steel_Moment_Frame,4,1996,Moderate_Code,C,0.033,No_Retrofit,0.359,0.553,NaN,1.084,0.608,0.012,Slight
Steel_Moment_Frame,3,2007,High_Code,C,0.215,No_Retrofit,0.491,0.548,0.135,1.021,0.585,0.002,Slight
Steel_Braced_Frame,2,1950,Low_Code,C,0.211,No_Retrofit,0.078,0.108,0.083,0.920,0.162,0.046,Slight
Steel_Moment_Frame,4,2011,High_Code,C,NaN,No_Retrofit,0.554,0.757,0.136,0.977,NaN,0.089,Moderate
NaN,4,1970,Low_Code,C,0.263,Extensive_Retrofit,0.342,0.450,0.137,1.090,0.344,0.017,Slight
Unreinforced_Masonry,NaN,1955,Pre_Code,E,0.410,No_Retrofit,0.321,0.431,0.032,0.765,2.435,0.337,Complete
RC_Moment_Frame,2,1954,Low_Code,C,0.402,No_Retrofit,0.206,0.258,0.069,0.846,0.739,0.038,Moderate
RC_Moment_Frame,13,1976,Moderate_Code,B,0.486,No_Retrofit,0.187,0.304,0.089,0.700,1.055,0.104,Moderate
Steel_Moment_Frame,16,1994,Low_Code,D,0.261,Extensive_Retrofit,0.128,0.233,0.079,0.976,0.499,0.005,Slight
RC_Shear_Wall,5,1991,Low_Code,B,0.143,Extensive_Retrofit,0.264,0.306,0.121,1.093,0.157,0.003,Slight
Unreinforced_Masonry,3,1961,Pre_Code,B,0.434,Partial_Retrofit,0.095,0.102,0.039,0.700,0.432,0.030,Extensive
Unreinforced_Masonry,2,1965,Pre_Code,C,0.405,Extensive_Retrofit,0.131,0.139,NaN,NaN,0.403,0.050,Moderate
RC_Moment_Frame,2,1976,Moderate_Code,NaN,0.174,No_Retrofit,0.360,0.488,0.101,NaN,NaN,0.016,Moderate
RC_Moment_Frame,9,1998,Moderate_Code,C,0.159,Extensive_Retrofit,0.133,0.209,0.122,1.003,NaN,NaN,Slight
Steel_Braced_Frame,1,2017,Moderate_Code,D,0.263,No_Retrofit,0.237,0.327,0.131,0.864,0.460,0.000,Slight
Steel_Moment_Frame,7,1960,Pre_Code,D,0.418,No_Retrofit,0.720,NaN,0.063,0.906,3.178,1.127,Complete
Steel_Moment_Frame,1,1992,High_Code,C,0.110,No_Retrofit,0.075,0.090,0.125,1.083,0.114,0.024,No_Damage
RC_Moment_Frame,7,1974,Pre_Code,C,0.186,Partial_Retrofit,0.439,0.580,NaN,0.943,1.225,0.208,Extensive
RC_Shear_Wall,NaN,1972,Pre_Code,C,0.131,NaN,0.127,0.162,0.109,1.071,0.135,0.008,No_Damage
Steel_Braced_Frame,17,NaN,NaN,D,0.203,No_Retrofit,NaN,0.258,0.097,0.794,0.502,0.022,Slight
Unreinforced_Masonry,2,1956,Moderate_Code,NaN,0.358,Extensive_Retrofit,0.081,0.079,0.111,0.856,0.080,0.000,No_Damage
Steel_Braced_Frame,2,1961,NaN,B,0.301,No_Retrofit,0.364,0.373,0.093,NaN,0.542,0.008,Moderate
RC_Moment_Frame,3,1964,Pre_Code,D,0.352,No_Retrofit,0.303,0.410,0.064,0.879,1.508,0.378,Complete
Steel_Braced_Frame,10,1951,Pre_Code,C,NaN,No_Retrofit,0.558,NaN,0.050,0.907,2.791,0.419,Complete
Steel_Moment_Frame,8,2021,Moderate_Code,C,0.237,No_Retrofit,0.254,0.419,0.094,1.009,0.710,0.019,Moderate
Steel_Moment_Frame,6,2020,Moderate_Code,C,0.213,No_Retrofit,0.057,0.078,NaN,0.857,0.111,0.031,No_Damage
RC_Moment_Frame,5,1953,Pre_Code,E,0.401,No_Retrofit,0.279,0.478,0.046,0.777,2.931,1.350,Complete
Unreinforced_Masonry,4,1963,Low_Code,D,0.361,Partial_Retrofit,0.128,0.163,0.057,0.801,0.456,0.044,Extensive
NaN,1,2014,High_Code,D,0.233,NaN,0.454,0.539,0.151,0.818,0.565,0.014,Slight
Steel_Moment_Frame,10,2010,High_Code,D,0.287,No_Retrofit,0.139,0.224,0.129,0.933,0.461,0.031,Slight
RC_Shear_Wall,4,1985,Low_Code,D,0.124,Extensive_Retrofit,0.310,0.411,0.133,1.060,0.199,0.000,No_Damage
Steel_Moment_Frame,7,1967,Low_Code,E,0.268,No_Retrofit,0.312,0.481,0.065,0.925,1.118,0.080,Extensive
NaN,6,1966,Low_Code,E,0.184,Extensive_Retrofit,0.585,0.912,0.124,1.011,NaN,0.034,Moderate
RC_Moment_Frame,3,1980,Low_Code,C,0.340,No_Retrofit,0.278,0.364,NaN,0.880,1.114,0.155,Extensive
Steel_Braced_Frame,1,1987,Low_Code,D,0.140,No_Retrofit,0.327,0.446,0.094,1.003,0.488,0.012,Slight
RC_Shear_Wall,15,NaN,Moderate_Code,C,NaN,Partial_Retrofit,0.126,0.155,0.114,0.918,0.138,0.027,No_Damage
RC_Moment_Frame,1,2003,Low_Code,C,0.302,No_Retrofit,0.369,0.504,0.090,0.847,1.213,NaN,Extensive
RC_Shear_Wall,7,NaN,Pre_Code,D,0.112,No_Retrofit,0.289,0.313,0.074,0.954,0.559,NaN,Extensive
Unreinforced_Masonry,3,1955,Pre_Code,C,0.217,No_Retrofit,0.078,0.093,0.042,0.700,0.373,NaN,Moderate
RC_Moment_Frame,5,NaN,High_Code,E,0.192,No_Retrofit,0.217,0.374,0.111,0.928,0.711,0.027,Slight
Steel_Moment_Frame,2,1967,Pre_Code,B,0.219,Partial_Retrofit,0.124,0.140,0.072,1.063,0.229,0.014,No_Damage
RC_Shear_Wall,2,2000,High_Code,D,0.047,No_Retrofit,0.265,0.312,0.175,1.058,0.157,0.024,No_Damage
RC_Shear_Wall,9,1988,Low_Code,E,0.110,Partial_Retrofit,0.124,0.173,0.106,0.988,0.202,0.035,Slight
NaN,2,1972,Low_Code,E,NaN,NaN,NaN,0.632,0.053,0.706,1.746,0.178,Complete
Steel_Braced_Frame,4,1988,Low_Code,C,0.173,No_Retrofit,0.525,0.600,0.090,0.947,0.665,0.017,Moderate
Steel_Braced_Frame,6,1982,Moderate_Code,C,0.092,No_Retrofit,0.066,0.093,0.104,1.019,0.097,0.005,No_Damage
RC_Shear_Wall,6,2006,Moderate_Code,D,0.137,No_Retrofit,0.223,0.312,0.149,0.990,NaN,0.009,Slight
NaN,8,1976,Low_Code,C,NaN,NaN,NaN,0.164,0.095,0.956,0.298,0.025,Slight
Steel_Braced_Frame,12,2022,High_Code,E,0.138,No_Retrofit,0.577,0.938,0.135,0.989,1.214,0.135,Moderate
Unreinforced_Masonry,NaN,1976,Low_Code,E,0.313,No_Retrofit,0.209,0.325,0.039,NaN,1.112,0.096,Complete
RC_Shear_Wall,2,1980,Low_Code,C,0.161,Partial_Retrofit,NaN,NaN,0.125,NaN,0.178,0.008,Slight
Unreinforced_Masonry,2,1951,Pre_Code,B,0.439,Extensive_Retrofit,0.127,0.144,0.074,NaN,0.239,0.000,Slight
RC_Shear_Wall,NaN,1991,Pre_Code,B,0.044,No_Retrofit,0.221,0.237,0.098,1.005,0.191,0.022,No_Damage
Steel_Braced_Frame,3,2014,High_Code,E,0.216,No_Retrofit,0.135,0.196,0.158,0.866,0.225,0.024,Slight
Steel_Moment_Frame,6,2013,Moderate_Code,C,0.307,No_Retrofit,0.135,0.181,0.103,0.919,0.327,0.000,Slight
Steel_Braced_Frame,5,1972,Pre_Code,C,0.346,No_Retrofit,NaN,0.176,NaN,0.840,0.618,0.038,Moderate
Unreinforced_Masonry,3,1963,Low_Code,C,0.205,No_Retrofit,0.139,0.155,0.057,0.811,0.275,0.022,Slight
RC_Shear_Wall,15,2020,Moderate_Code,D,0.116,No_Retrofit,0.275,0.357,0.103,0.870,0.632,0.020,Slight
Unreinforced_Masonry,2,1964,Pre_Code,B,0.376,Partial_Retrofit,0.121,0.125,0.042,0.785,0.387,0.050,Extensive
RC_Moment_Frame,2,1952,NaN,C,0.193,No_Retrofit,0.135,0.182,0.064,0.879,0.391,0.036,Slight
RC_Shear_Wall,9,1977,Moderate_Code,E,0.289,NaN,0.488,NaN,0.123,0.823,0.890,NaN,Moderate
Steel_Braced_Frame,6,1976,Moderate_Code,E,0.117,Partial_Retrofit,0.744,1.278,0.113,1.024,1.352,0.175,Extensive
RC_Shear_Wall,4,2016,High_Code,D,0.057,Extensive_Retrofit,0.104,0.147,0.195,1.094,0.080,NaN,No_Damage
RC_Shear_Wall,NaN,1958,Pre_Code,B,0.400,Partial_Retrofit,0.249,0.262,0.100,0.952,0.386,NaN,Moderate
RC_Moment_Frame,3,1972,Low_Code,C,0.438,No_Retrofit,0.382,0.477,0.081,0.798,1.702,0.393,Complete
RC_Shear_Wall,10,2001,Moderate_Code,D,0.211,No_Retrofit,0.065,0.092,0.121,0.917,0.092,0.026,No_Damage
RC_Moment_Frame,17,1952,Pre_Code,C,0.262,No_Retrofit,0.253,0.484,0.033,0.813,4.083,1.548,Complete
Steel_Moment_Frame,7,1993,Pre_Code,E,0.276,No_Retrofit,0.159,0.291,0.070,1.039,0.783,0.034,Moderate
RC_Shear_Wall,2,1986,NaN,D,0.047,No_Retrofit,0.798,0.974,0.108,1.007,0.790,0.043,Extensive
Steel_Moment_Frame,7,NaN,Low_Code,B,0.161,No_Retrofit,0.242,0.333,NaN,1.025,NaN,0.000,Slight
RC_Moment_Frame,6,1984,Low_Code,E,0.217,Partial_Retrofit,0.231,0.333,0.083,0.938,0.663,0.044,Moderate
NaN,2,1976,Pre_Code,E,0.286,No_Retrofit,0.306,0.423,0.076,0.876,1.136,0.164,Extensive
Steel_Moment_Frame,NaN,2021,High_Code,B,0.140,No_Retrofit,0.550,0.880,0.106,0.939,NaN,0.211,Moderate
Steel_Braced_Frame,1,1981,Moderate_Code,D,0.152,No_Retrofit,0.538,NaN,0.113,0.994,0.719,0.027,Moderate
RC_Moment_Frame,18,NaN,High_Code,C,0.178,No_Retrofit,0.647,1.113,0.096,0.843,2.705,0.715,Complete
Steel_Braced_Frame,6,2004,High_Code,C,0.112,No_Retrofit,0.129,0.162,0.147,0.962,NaN,0.021,No_Damage