Structure Age (years),Heritage Significance Score (0-100),Exposure Severity Score (0-100),Maintenance Quality Score (0-100),Average Core Compressive Strength (MPa),Average Reinforcement Cover Depth (mm),Carbonation Depth (mm),Chloride Content at Rebar Depth (% by cement mass),Half-Cell Potential (mV vs Cu/CuSO4),Maximum Surface Crack Width (mm),Estimated Reinforcement Section Loss (%),Moisture-Affected Area (% of inspected area),Gravity Demand-Capacity Ratio,Seismic Deficiency Index (0-100),Rehabilitation Priority Class
103,84,38,74,23.6,NaN,25.6,0.33,-183,0.43,0.7,11,0.82,67,Scheduled Rehabilitation
25,NaN,90,84,35.6,41,7.7,0.60,-249,0.28,0.0,16,0.64,11,Preventive Maintenance
22,20,30,67,28.1,38,9.9,0.27,-156,0.03,1.3,0,0.65,38,Routine Monitoring
90,92,NaN,91,23.0,26,12.0,0.93,-304,0.57,9.2,NaN,0.91,54,Immediate Stabilization
78,60,NaN,66,18.6,30,24.7,0.54,-258,0.33,2.6,3,1.03,56,Urgent Rehabilitation
33,NaN,18,59,32.8,41,6.7,0.02,-124,0.02,NaN,NaN,0.67,39,Routine Monitoring
69,56,54,77,28.9,27,17.5,0.31,-216,0.27,1.8,4,0.95,54,Urgent Rehabilitation
NaN,40,78,63,NaN,38,21.0,0.41,-272,0.38,1.8,31,1.03,57,Urgent Rehabilitation
35,41,59,52,21.4,30,NaN,0.28,-197,0.28,0.0,3,0.82,20,Preventive Maintenance
62,86,49,NaN,30.5,27,26.2,0.14,-164,0.15,0.3,0,NaN,63,Scheduled Rehabilitation
28,28,63,63,36.2,34,14.0,0.20,-120,0.02,3.2,3,0.55,36,Routine Monitoring
43,45,48,63,42.3,35,NaN,0.13,-161,0.10,0.0,0,0.57,22,Routine Monitoring
37,30,23,79,30.0,38,7.7,0.05,-167,NaN,1.7,NaN,0.73,30,Routine Monitoring
58,60,58,38,27.7,27,23.6,0.32,-225,0.31,1.6,22,0.74,44,Scheduled Rehabilitation
NaN,43,NaN,65,28.7,33,22.0,0.35,-206,0.07,NaN,13,0.73,41,Preventive Maintenance
NaN,52,22,NaN,24.4,28,14.9,0.02,-125,0.07,1.5,0,0.57,48,Preventive Maintenance
32,31,62,68,30.0,30,8.8,0.33,-149,0.22,0.0,2,0.84,23,Preventive Maintenance
110,93,37,46,20.5,23,31.8,0.13,-254,0.39,3.0,23,NaN,67,Urgent Rehabilitation
77,90,42,78,NaN,35,16.0,0.19,-142,0.32,0.0,0,0.89,73,Scheduled Rehabilitation
85,74,61,38,22.6,34,31.4,0.45,-279,0.59,2.3,27,0.93,74,Immediate Stabilization
50,39,47,51,32.3,34,17.2,0.11,-134,0.14,0.3,5,0.63,39,Routine Monitoring
75,69,11,71,20.2,19,8.9,0.11,-96,0.10,0.0,0,1.03,60,Scheduled Rehabilitation
36,45,72,53,36.4,36,12.5,0.38,NaN,0.18,4.3,20,0.66,29,Preventive Maintenance
NaN,67,68,46,29.5,35,20.4,0.45,-229,NaN,0.0,NaN,0.55,69,Preventive Maintenance
42,32,38,56,25.0,30,14.6,0.23,-168,0.13,0.0,0,0.85,37,Preventive Maintenance
49,30,NaN,40,25.9,45,14.4,0.41,-253,0.39,1.8,45,0.60,37,Scheduled Rehabilitation
31,39,20,NaN,30.8,26,NaN,0.16,-131,0.38,0.0,0,0.78,29,Preventive Maintenance
34,NaN,41,77,28.9,40,13.6,0.21,-146,0.35,3.7,0,0.84,10,Scheduled Rehabilitation
96,95,37,86,20.8,22,20.3,0.15,-202,0.23,NaN,0,0.89,61,Scheduled Rehabilitation
66,55,45,46,25.9,27,NaN,0.15,-148,0.14,1.3,1,NaN,56,Preventive Maintenance
30,NaN,45,72,32.9,31,13.3,0.24,-174,0.07,1.2,0,0.61,23,Routine Monitoring
35,37,47,59,21.8,24,18.7,0.02,NaN,0.26,2.4,0,0.89,27,Scheduled Rehabilitation
67,43,71,78,16.0,37,25.1,0.46,-244,0.32,0.7,19,0.80,60,Urgent Rehabilitation
64,60,75,55,28.2,31,20.6,0.42,-256,0.23,0.0,27,0.81,56,Scheduled Rehabilitation
88,70,36,59,17.9,32,29.5,0.22,NaN,NaN,0.0,0,0.84,55,Scheduled Rehabilitation
20,53,81,NaN,31.1,38,7.8,0.29,-125,0.04,0.0,15,0.65,5,Routine Monitoring
72,57,NaN,57,28.0,35,14.4,0.93,NaN,0.44,5.0,15,0.84,49,Scheduled Rehabilitation
64,70,44,67,29.7,35,19.8,0.33,-195,0.16,0.4,0,0.78,28,Preventive Maintenance
89,91,85,47,21.5,NaN,18.1,0.83,-249,0.68,5.1,13,1.04,83,Immediate Stabilization
104,70,17,67,19.1,13,19.0,0.18,-256,0.40,1.2,NaN,1.02,85,Urgent Rehabilitation
43,49,54,83,31.9,32,12.7,0.40,NaN,0.07,0.0,14,0.80,41,Preventive Maintenance
25,37,68,54,31.3,44,15.0,0.17,-177,0.06,0.0,18,NaN,34,Preventive Maintenance
47,64,34,69,NaN,32,15.7,0.10,-186,0.08,2.2,7,0.71,39,Routine Monitoring
42,44,NaN,76,32.7,27,10.5,0.39,-203,0.04,0.0,NaN,0.60,44,Preventive Maintenance
54,51,90,NaN,26.1,46,13.9,0.97,-342,0.63,4.7,44,0.85,NaN,Urgent Rehabilitation
98,77,47,69,30.1,23,27.5,0.45,-338,0.48,2.7,15,0.95,92,Immediate Stabilization
35,50,68,74,30.3,37,8.4,0.26,-146,0.02,0.0,1,0.71,38,Routine Monitoring
64,55,23,70,29.3,27,12.3,0.07,-102,0.09,0.0,0,NaN,38,Routine Monitoring
64,74,78,56,31.2,31,16.6,0.35,-186,0.31,0.3,23,0.81,65,Scheduled Rehabilitation
59,52,25,65,29.7,NaN,13.6,0.05,-130,0.27,0.8,0,0.77,32,Preventive Maintenance
NaN,97,22,94,19.3,23,19.5,0.28,-205,0.40,2.4,0,1.02,69,Urgent Rehabilitation
77,69,68,70,25.5,31,27.3,0.54,-284,0.30,1.8,10,0.87,77,Urgent Rehabilitation
75,72,59,82,25.4,35,21.6,0.23,-150,0.23,0.0,0,0.83,48,Scheduled Rehabilitation
22,20,33,72,37.5,29,7.2,0.02,-93,0.03,0.0,0,0.52,5,Routine Monitoring
107,66,50,70,21.7,16,25.6,0.57,-369,0.78,10.6,NaN,1.01,79,Immediate Stabilization
53,82,19,65,NaN,NaN,10.2,NaN,-154,NaN,0.0,0,0.89,44,Preventive Maintenance
77,NaN,56,71,20.3,24,24.4,0.40,-295,0.42,3.0,25,0.82,54,Urgent Rehabilitation
72,94,71,48,28.6,30,19.7,0.50,-255,0.49,3.0,30,0.86,48,Urgent Rehabilitation
68,57,31,41,29.2,NaN,17.6,0.13,-138,0.14,4.1,6,0.59,56,Preventive Maintenance
53,53,44,46,26.7,31,16.2,0.02,-129,0.20,3.7,11,0.73,36,Preventive Maintenance
45,34,43,83,25.7,25,21.5,0.18,-217,0.04,0.0,0,0.71,NaN,Preventive Maintenance
72,71,89,59,20.0,35,24.0,0.89,-266,0.56,5.9,27,1.00,53,Immediate Stabilization
52,45,72,49,27.9,32,13.3,0.34,-205,0.09,2.0,13,NaN,50,Preventive Maintenance
78,56,59,67,27.9,30,18.8,0.56,-221,0.16,1.2,2,0.78,68,Scheduled Rehabilitation
49,50,10,72,30.9,37,5.9,0.11,NaN,0.10,0.0,0,0.80,39,Routine Monitoring
30,41,15,65,36.8,32,7.7,0.02,-120,0.02,0.0,0,0.70,34,Routine Monitoring
111,NaN,68,79,21.0,18,31.8,0.75,-417,0.95,16.8,9,1.26,62,Immediate Stabilization
97,NaN,68,NaN,21.1,29,28.7,0.51,-277,0.53,5.9,17,1.10,82,Immediate Stabilization
62,70,29,79,28.4,23,12.8,0.07,-154,0.39,3.9,0,0.96,33,Scheduled Rehabilitation
68,52,10,93,31.3,NaN,0.5,0.04,-126,NaN,1.2,0,0.71,22,Preventive Maintenance
72,60,39,60,30.2,27,24.1,0.20,-221,0.28,0.0,NaN,0.96,50,Scheduled Rehabilitation
58,57,52,NaN,NaN,34,23.6,0.23,-188,0.07,0.0,13,0.67,58,Scheduled Rehabilitation
30,31,69,60,35.8,38,12.1,0.09,-132,0.14,2.9,12,0.71,27,Preventive Maintenance
62,65,67,NaN,34.3,33,13.4,0.44,-158,NaN,0.0,5,0.69,49,Preventive Maintenance
78,NaN,49,46,26.2,NaN,31.1,0.13,-189,0.23,0.0,20,0.88,76,Scheduled Rehabilitation
34,37,NaN,52,31.9,36,0.5,0.70,-296,NaN,0.0,28,0.63,21,Preventive Maintenance
NaN,37,46,63,24.7,41,14.9,0.02,-99,0.21,1.7,8,0.68,53,Preventive Maintenance
79,70,52,86,31.1,30,18.0,0.10,-159,0.35,0.0,NaN,0.72,50,Preventive Maintenance
78,70,49,53,19.7,27,29.1,0.44,-361,0.60,4.3,33,1.06,51,Immediate Stabilization
30,57,91,61,29.5,46,8.9,0.49,-237,0.34,2.8,NaN,0.59,NaN,Scheduled Rehabilitation
53,69,76,80,30.2,30,10.4,0.58,-274,0.13,0.0,5,0.73,48,Scheduled Rehabilitation
61,67,26,65,28.6,31,20.5,0.02,-131,0.02,0.0,9,0.72,51,Routine Monitoring
61,63,18,40,32.5,31,7.0,0.20,-170,0.17,0.0,0,0.66,57,Preventive Maintenance
59,44,56,53,NaN,32,14.0,0.44,-236,0.17,0.0,12,0.71,NaN,Preventive Maintenance
105,76,36,66,25.8,23,26.0,0.22,-254,0.43,3.4,0,0.81,69,Urgent Rehabilitation
31,29,44,86,38.9,36,NaN,NaN,NaN,0.09,2.6,0,0.66,9,Routine Monitoring
71,87,36,54,27.5,23,18.8,0.14,-176,NaN,0.0,0,0.65,70,Preventive Maintenance
97,68,NaN,43,26.0,20,27.6,0.92,-411,0.95,17.2,21,1.26,64,Immediate Stabilization
51,30,28,55,28.6,27,NaN,0.02,-148,0.02,0.2,0,0.62,21,Routine Monitoring
105,NaN,84,86,22.2,22,24.4,0.90,-388,0.75,12.1,11,1.16,85,Immediate Stabilization
72,84,15,70,32.3,30,8.8,0.24,-148,0.10,NaN,1,0.78,47,Preventive Maintenance
45,64,60,70,28.0,37,17.9,0.45,-208,0.26,0.0,9,0.61,NaN,Preventive Maintenance
67,62,78,73,29.4,39,15.8,0.60,-316,0.16,0.0,12,0.70,59,Scheduled Rehabilitation
77,82,59,43,21.7,32,26.9,0.33,-244,0.30,2.2,4,0.97,64,Urgent Rehabilitation
48,56,79,53,NaN,39,13.2,0.45,-262,0.23,2.2,33,0.60,40,Scheduled Rehabilitation
94,91,54,62,20.4,NaN,NaN,0.17,-290,0.35,1.7,11,0.79,78,Urgent Rehabilitation
21,20,40,NaN,32.2,36,10.5,0.33,-188,0.05,0.0,0,0.67,5,Routine Monitoring
104,100,21,61,20.9,13,18.5,0.04,-236,0.40,3.9,NaN,0.90,69,Urgent Rehabilitation
22,23,36,59,NaN,37,3.3,0.05,-119,0.13,0.0,3,0.76,29,Routine Monitoring
50,33,40,52,30.8,23,16.0,0.08,-97,0.17,0.0,19,0.74,37,Preventive Maintenance
96,100,81,61,22.3,33,16.4,1.01,-268,NaN,9.4,26,0.94,NaN,Immediate Stabilization
83,55,18,82,28.1,30,13.9,0.15,-103,0.18,0.0,0,0.76,61,Preventive Maintenance
85,62,75,38,22.9,30,20.2,0.62,-250,0.40,2.1,19,0.68,70,Urgent Rehabilitation
25,25,85,42,39.3,41,11.8,0.46,NaN,0.15,0.0,35,0.59,9,Scheduled Rehabilitation
52,64,43,86,26.4,29,16.3,0.32,NaN,0.02,0.0,NaN,0.70,52,Preventive Maintenance
63,56,53,70,31.4,NaN,20.1,0.09,-97,0.21,0.0,5,0.81,53,Preventive Maintenance
66,49,84,47,NaN,36,17.0,0.64,-291,0.28,0.4,44,0.71,64,Scheduled Rehabilitation
109,85,28,NaN,22.4,24,24.9,0.23,-263,0.34,3.3,NaN,1.25,91,Immediate Stabilization
39,30,10,58,30.8,25,1.3,NaN,-128,0.02,0.0,0,0.61,34,Routine Monitoring
70,NaN,44,85,28.6,24,22.3,0.30,-224,0.16,0.0,0,0.82,33,Scheduled Rehabilitation
82,75,46,67,24.2,16,26.8,0.07,-263,0.19,2.7,0,0.77,70,Scheduled Rehabilitation
73,64,52,82,32.8,30,10.8,0.25,-178,0.17,0.3,0,0.77,57,Preventive Maintenance
57,39,87,76,26.1,35,6.1,NaN,-295,0.24,2.6,23,0.83,37,Scheduled Rehabilitation
104,66,65,55,26.2,22,23.7,0.52,-322,0.44,5.1,14,0.63,82,Urgent Rehabilitation
50,50,30,68,27.9,32,16.3,0.23,-122,0.08,0.0,0,NaN,31,Preventive Maintenance
32,20,46,40,37.7,43,13.7,0.13,-110,0.02,0.0,6,0.63,18,Routine Monitoring
76,70,NaN,44,23.8,28,21.5,NaN,-305,0.72,9.2,18,1.00,54,Immediate Stabilization
84,89,78,76,26.2,22,19.4,0.69,-349,0.50,6.6,42,0.78,52,Immediate Stabilization
100,100,54,61,22.8,32,29.1,0.40,-239,0.42,2.4,12,0.96,62,Urgent Rehabilitation
60,76,23,NaN,25.3,23,14.2,0.02,-102,0.26,0.8,0,0.84,41,Preventive Maintenance
113,100,50,71,NaN,24,29.0,0.32,-313,0.77,6.0,10,1.34,89,Immediate Stabilization
49,54,58,40,27.8,33,26.2,0.36,-200,0.37,NaN,NaN,0.78,29,Scheduled Rehabilitation
25,27,NaN,46,35.0,34,5.5,0.04,-154,0.16,1.0,0,0.65,31,Routine Monitoring
31,45,25,48,29.8,41,13.4,0.02,-98,0.24,1.1,0,0.75,26,Preventive Maintenance
32,41,13,58,33.2,39,6.3,0.12,-128,0.02,0.5,NaN,0.54,25,Routine Monitoring
66,64,51,60,27.0,26,19.4,0.23,-158,0.34,1.2,10,0.84,44,Scheduled Rehabilitation
45,37,NaN,66,27.6,33,12.4,0.47,-221,0.21,1.7,17,NaN,39,Scheduled Rehabilitation
74,89,24,91,31.3,34,9.0,0.09,-135,0.13,1.0,0,0.88,53,Preventive Maintenance
59,71,61,48,22.6,26,12.9,0.30,-153,NaN,0.5,14,0.93,55,Scheduled Rehabilitation
27,42,22,94,28.1,39,11.3,0.02,-104,NaN,0.0,0,0.71,28,Routine Monitoring
37,30,83,54,34.2,44,9.2,0.44,-208,0.14,1.3,25,0.72,27,Preventive Maintenance
28,20,88,62,34.4,41,NaN,0.56,NaN,0.07,0.0,24,0.54,24,Preventive Maintenance
79,67,NaN,56,17.8,35,34.4,0.36,-237,0.27,3.0,6,0.96,61,Urgent Rehabilitation
41,39,16,70,31.9,25,NaN,0.02,-82,0.03,0.0,0,0.57,53,Preventive Maintenance
45,43,73,39,29.2,43,15.7,0.16,-138,0.16,0.0,15,0.75,42,Preventive Maintenance
83,NaN,71,41,26.5,19,NaN,NaN,-387,NaN,4.9,NaN,0.95,85,Immediate Stabilization
25,43,82,53,30.4,40,11.3,0.45,-234,NaN,0.9,15,NaN,27,Preventive Maintenance
80,57,NaN,37,28.3,27,16.6,0.77,-307,0.70,4.9,28,0.89,52,Urgent Rehabilitation
37,29,42,NaN,29.4,27,7.6,0.02,-113,0.02,0.0,0,0.69,20,Routine Monitoring
25,21,27,81,NaN,31,5.2,0.28,-155,0.04,0.0,0,0.57,28,Routine Monitoring
82,86,28,65,19.2,27,NaN,0.26,-285,NaN,3.1,0,0.95,35,Urgent Rehabilitation
NaN,73,69,55,28.7,22,NaN,0.49,-335,0.54,4.6,NaN,0.85,69,Immediate Stabilization
NaN,86,80,24,25.6,29,22.7,0.67,-315,0.71,5.4,37,1.11,79,Immediate Stabilization
67,80,48,82,33.3,37,13.0,0.29,-148,0.15,0.0,0,0.81,40,Preventive Maintenance
61,45,30,37,30.2,24,17.3,0.25,-172,0.22,0.0,10,0.77,NaN,Scheduled Rehabilitation
28,22,34,58,26.7,33,12.4,0.08,-86,0.13,0.0,0,0.77,38,Routine Monitoring
87,91,77,59,21.9,27,29.4,0.75,-409,0.78,6.2,31,1.20,68,Immediate Stabilization
77,93,32,67,21.2,25,22.0,0.14,-167,0.30,3.0,0,0.86,58,Scheduled Rehabilitation
97,100,38,61,28.5,31,21.4,0.12,-123,0.23,1.6,0,0.89,85,Scheduled Rehabilitation
36,NaN,37,42,34.2,26,NaN,0.16,-184,0.09,0.4,10,0.69,36,Preventive Maintenance
69,63,31,90,27.9,18,15.7,0.19,-204,0.02,0.0,0,0.70,45,Scheduled Rehabilitation
87,66,63,60,23.4,19,27.1,0.43,-297,0.49,3.8,16,1.12,63,Immediate Stabilization
68,53,52,72,NaN,32,22.6,0.36,-204,0.14,0.0,14,0.68,56,Preventive Maintenance
92,75,52,43,NaN,20,29.8,NaN,-307,0.42,5.5,12,0.86,NaN,Urgent Rehabilitation
35,20,34,66,NaN,31,6.5,0.02,-100,0.08,NaN,0,0.60,51,Routine Monitoring
74,71,23,54,20.9,32,23.6,NaN,-148,0.37,0.0,6,1.02,68,Urgent Rehabilitation
58,63,62,58,28.0,NaN,17.2,0.35,-227,0.10,0.8,8,NaN,39,Scheduled Rehabilitation
67,54,77,58,31.9,34,11.7,0.72,-251,0.15,NaN,20,0.60,22,Scheduled Rehabilitation
75,91,24,NaN,24.2,30,20.3,0.21,-174,0.25,0.0,0,0.66,49,Scheduled Rehabilitation
68,74,55,55,NaN,25,NaN,0.37,-300,0.20,0.0,22,0.94,46,Urgent Rehabilitation
25,NaN,59,NaN,33.5,41,3.5,0.12,-136,0.07,0.0,4,0.61,25,Routine Monitoring
NaN,58,32,71,20.5,30,19.1,0.05,-165,0.26,1.8,0,0.78,45,Preventive Maintenance
60,63,18,90,31.5,22,8.0,0.05,-146,NaN,2.6,0,0.87,49,Preventive Maintenance
39,35,56,62,29.9,34,19.9,0.21,-165,0.03,1.2,2,0.67,28,Routine Monitoring
105,91,28,80,27.9,19,17.2,0.17,-157,0.29,0.7,0,0.78,62,Preventive Maintenance
NaN,34,76,NaN,21.8,31,19.7,NaN,-259,0.29,0.0,33,0.78,65,Urgent Rehabilitation
67,69,51,53,36.0,32,15.5,0.35,-189,0.05,0.3,9,0.73,65,Preventive Maintenance
25,45,13,80,35.8,34,7.5,0.02,-85,0.02,3.1,0,0.57,20,Routine Monitoring
NaN,46,28,49,29.9,42,12.7,0.02,-139,0.27,0.0,14,0.79,45,Preventive Maintenance
41,NaN,10,84,31.3,34,5.0,0.02,NaN,0.14,0.8,0,0.78,28,Routine Monitoring
24,39,NaN,72,31.6,41,8.9,0.12,-145,0.14,NaN,0,0.74,29,Routine Monitoring
94,72,25,62,21.0,28,21.2,NaN,-160,0.51,NaN,1,1.02,48,Urgent Rehabilitation
56,55,53,52,NaN,41,27.4,0.25,-165,0.04,0.0,8,0.63,NaN,Preventive Maintenance
NaN,85,22,69,24.7,28,18.9,0.13,-112,0.04,0.0,0,0.73,57,Preventive Maintenance
74,92,81,91,30.7,32,15.5,0.54,-235,0.13,NaN,14,0.90,63,Scheduled Rehabilitation
54,46,74,48,25.4,31,17.0,0.41,-246,0.17,1.5,35,0.86,49,Scheduled Rehabilitation
87,100,70,55,23.3,27,NaN,0.45,-273,0.41,0.0,33,0.76,57,Urgent Rehabilitation
97,NaN,73,35,23.3,32,28.0,0.75,-324,0.74,7.2,20,0.91,81,Immediate Stabilization
54,47,40,63,27.8,39,21.9,0.27,-132,0.11,0.3,8,0.75,44,Preventive Maintenance
35,43,76,58,34.1,42,13.7,0.46,-248,0.02,1.3,13,0.57,33,Preventive Maintenance
95,87,NaN,64,19.9,NaN,28.7,0.25,-234,NaN,2.3,14,0.78,67,Scheduled Rehabilitation
NaN,74,53,90,29.3,31,17.8,0.42,-190,0.06,1.3,0,NaN,37,Preventive Maintenance
58,49,60,82,33.3,28,13.3,0.17,-128,0.15,0.0,3,0.71,46,Routine Monitoring
28,NaN,23,84,NaN,33,4.9,0.14,-95,0.05,0.0,0,0.80,17,Routine Monitoring
46,55,12,66,36.4,28,4.4,0.08,-145,0.05,0.0,0,0.69,36,Routine Monitoring
69,50,22,59,26.1,26,14.9,0.05,-80,0.29,0.0,NaN,1.00,57,Scheduled Rehabilitation
54,37,75,16,20.4,36,22.8,0.37,-198,0.39,3.1,44,0.82,55,Urgent Rehabilitation
84,78,16,63,26.7,18,11.3,0.10,-138,0.05,0.0,0,0.68,50,Preventive Maintenance
72,81,20,84,23.4,23,17.7,0.04,-115,0.26,0.6,0,0.85,47,Scheduled Rehabilitation
NaN,44,61,87,35.2,NaN,7.0,0.26,-182,0.12,2.3,10,0.68,29,Routine Monitoring
33,29,NaN,95,31.1,34,6.1,0.02,-126,0.02,0.0,0,0.71,38,Routine Monitoring
44,NaN,34,46,33.0,29,18.3,0.16,-140,0.22,2.4,0,0.81,NaN,Preventive Maintenance
86,63,57,69,25.5,21,24.8,NaN,-290,0.21,0.0,0,0.94,72,Urgent Rehabilitation
60,46,64,57,30.8,30,20.7,0.36,-208,0.08,0.0,0,0.81,39,Scheduled Rehabilitation
80,56,11,75,30.1,25,8.3,0.14,-119,0.25,NaN,0,0.74,67,Preventive Maintenance
91,87,86,58,22.2,39,15.5,NaN,-302,0.55,7.2,6,0.91,49,Immediate Stabilization
102,100,36,72,23.9,16,21.8,0.45,-320,NaN,7.7,4,1.16,NaN,Immediate Stabilization
28,20,63,54,31.2,28,17.1,0.21,-167,0.07,0.0,18,0.67,17,Preventive Maintenance
81,60,19,73,22.4,31,16.4,0.02,-123,0.32,1.2,0,1.04,66,Scheduled Rehabilitation
92,82,52,74,24.3,23,21.2,0.49,-219,0.40,4.9,0,0.82,49,Urgent Rehabilitation
28,34,29,66,36.0,40,5.2,0.08,-124,0.02,1.0,0,0.61,31,Routine Monitoring
52,55,NaN,70,32.3,30,18.5,0.27,-154,NaN,1.0,2,NaN,43,Routine Monitoring
27,21,37,44,26.8,40,17.6,0.33,-167,0.14,1.0,19,0.64,24,Preventive Maintenance
69,54,17,64,30.0,32,9.4,0.02,-134,0.12,0.0,0,0.76,71,Preventive Maintenance
102,80,43,54,23.2,24,21.7,0.38,NaN,0.14,1.6,0,0.87,77,Scheduled Rehabilitation
NaN,75,27,68,24.2,23,NaN,0.26,-161,0.13,0.8,0,0.82,64,Scheduled Rehabilitation
NaN,89,84,53,NaN,28,13.4,0.80,-288,0.64,5.2,17,1.16,72,Immediate Stabilization
69,68,55,71,24.5,NaN,19.9,0.43,-244,0.17,1.0,28,0.87,47,Scheduled Rehabilitation
96,78,62,NaN,NaN,27,26.8,0.37,-281,0.26,1.6,9,0.92,65,Urgent Rehabilitation
29,36,72,41,24.6,34,15.7,0.20,-119,NaN,0.6,20,0.90,35,Preventive Maintenance
50,33,37,67,28.1,44,14.8,0.19,-122,0.22,0.0,0,0.72,35,Preventive Maintenance
70,39,93,40,23.1,36,16.1,0.81,-315,0.37,NaN,35,0.91,63,Urgent Rehabilitation
26,20,67,NaN,29.5,37,11.4,0.15,-131,0.05,0.0,22,0.70,23,Routine Monitoring
59,68,78,42,28.8,37,19.3,0.60,-303,0.24,3.8,NaN,0.70,63,Urgent Rehabilitation
35,32,56,66,32.9,33,11.0,0.06,-131,0.15,0.0,7,0.59,22,Routine Monitoring
59,38,22,88,29.8,35,8.8,0.11,-153,0.25,0.0,0,0.59,44,Preventive Maintenance
84,63,95,42,25.7,39,17.2,0.94,-309,NaN,10.9,37,1.07,59,Immediate Stabilization
NaN,28,34,NaN,30.6,28,19.4,0.08,-144,0.02,0.0,0,0.67,31,Routine Monitoring
23,30,10,77,30.8,41,6.2,0.02,-137,0.13,1.9,0,0.74,26,Routine Monitoring
28,44,47,NaN,29.6,36,16.5,0.02,-114,0.07,0.0,0,0.80,9,Routine Monitoring
71,70,47,44,30.7,31,23.5,0.42,-209,NaN,NaN,11,0.75,64,Scheduled Rehabilitation
106,100,52,45,14.3,21,36.6,0.58,-415,1.13,16.2,16,1.60,79,Immediate Stabilization
32,38,90,57,33.7,33,7.1,0.44,-229,0.10,0.0,17,0.57,26,Preventive Maintenance
59,60,49,62,27.7,34,23.0,0.41,-232,0.05,0.3,4,0.73,63,Preventive Maintenance
NaN,NaN,55,79,29.8,29,13.8,0.37,NaN,NaN,0.0,0,0.76,NaN,Scheduled Rehabilitation
NaN,48,39,70,30.0,42,14.3,0.26,-145,0.28,2.3,0,0.88,66,Scheduled Rehabilitation
81,75,28,76,27.5,21,15.9,0.20,NaN,0.14,0.0,3,0.79,63,Preventive Maintenance
65,43,38,70,32.0,29,10.1,NaN,-140,0.15,0.0,0,0.70,49,Preventive Maintenance
56,49,53,52,19.2,31,20.8,0.17,-141,0.02,0.0,8,0.79,57,Preventive Maintenance
77,68,69,69,23.6,30,17.6,0.31,-170,0.16,NaN,7,0.77,59,Preventive Maintenance
NaN,68,67,65,20.0,27,28.5,0.55,-336,0.39,2.5,6,0.79,43,Urgent Rehabilitation
39,35,22,69,26.5,39,12.6,0.04,-125,0.02,0.2,0,NaN,19,Routine Monitoring
60,49,46,64,27.8,35,15.8,0.02,-97,0.16,NaN,5,0.88,55,Preventive Maintenance
29,NaN,32,64,37.3,31,15.0,0.08,-89,0.02,0.0,NaN,0.68,NaN,Routine Monitoring
NaN,20,56,72,32.7,32,3.1,0.29,-143,0.15,0.0,6,0.75,35,Routine Monitoring
20,32,75,38,32.4,38,NaN,0.28,-151,0.09,0.0,11,0.66,26,Routine Monitoring
53,64,57,46,31.6,NaN,14.1,0.31,-176,0.18,0.8,15,0.75,45,Preventive Maintenance
83,52,45,25,24.9,27,27.1,0.24,-226,0.02,0.1,12,0.88,53,Scheduled Rehabilitation
NaN,30,NaN,66,29.5,34,10.0,0.04,-140,0.08,3.0,0,0.70,33,Preventive Maintenance
NaN,22,66,55,34.4,46,11.7,NaN,-183,0.02,0.0,11,0.65,25,Routine Monitoring
30,20,47,56,36.0,33,11.9,NaN,-111,0.02,0.0,6,0.65,23,Routine Monitoring
74,59,28,64,23.1,25,19.3,0.03,-147,0.27,0.3,0,0.85,57,Scheduled Rehabilitation
23,36,51,62,28.0,39,15.4,0.15,-108,0.02,1.4,5,0.59,32,Routine Monitoring
94,93,54,47,22.0,28,23.1,0.42,-264,0.49,2.7,15,1.10,68,Immediate Stabilization
41,52,23,80,33.5,31,5.9,0.08,-80,0.20,0.8,0,0.67,34,Routine Monitoring
54,NaN,12,59,18.3,23,18.7,0.02,-151,0.30,0.0,0,1.04,55,Scheduled Rehabilitation
97,86,57,68,NaN,NaN,27.0,0.47,-399,0.83,8.6,7,1.33,79,Immediate Stabilization
49,43,26,95,37.5,28,13.9,0.02,-139,0.02,1.7,0,0.63,52,Routine Monitoring
68,74,63,71,24.2,35,25.2,0.37,-222,0.39,0.4,NaN,1.03,NaN,Urgent Rehabilitation
73,73,54,NaN,25.7,23,25.2,0.35,-317,0.23,1.0,4,0.87,78,Urgent Rehabilitation
85,83,49,NaN,20.6,NaN,22.1,0.43,-233,0.02,0.0,0,NaN,NaN,Scheduled Rehabilitation
80,71,NaN,83,25.2,29,13.8,0.86,-285,0.41,6.6,14,0.96,42,Urgent Rehabilitation
44,37,35,68,32.0,34,12.0,0.02,-106,NaN,0.0,0,0.64,49,Routine Monitoring
98,99,17,70,22.1,31,17.8,0.02,-155,0.27,0.0,0,0.97,73,Scheduled Rehabilitation
NaN,81,70,46,29.3,32,19.1,0.57,-288,NaN,5.8,NaN,0.74,81,Urgent Rehabilitation
67,86,39,78,26.0,29,17.7,0.02,-118,0.25,0.0,0,0.71,64,Preventive Maintenance
NaN,63,NaN,68,22.5,33,23.3,0.02,-130,0.11,0.6,0,0.64,57,Routine Monitoring
50,46,50,60,NaN,43,19.6,0.23,-150,0.02,0.6,0,0.67,40,Preventive Maintenance
55,54,91,37,25.1,40,17.0,0.60,-245,0.08,0.0,38,0.61,39,Scheduled Rehabilitation
37,49,77,73,28.5,32,1.6,0.37,-164,0.13,0.0,16,0.72,43,Preventive Maintenance
62,79,67,60,25.2,35,19.2,NaN,-207,0.32,3.6,11,0.96,68,Urgent Rehabilitation
31,27,74,58,39.2,32,10.3,0.32,-161,0.14,1.1,18,0.56,31,Routine Monitoring
NaN,33,21,41,26.4,35,18.6,0.02,-131,0.29,0.0,12,0.97,52,Scheduled Rehabilitation
52,42,47,87,28.4,30,14.8,0.22,-173,0.02,1.7,0,0.73,32,Routine Monitoring
38,31,78,64,29.9,30,18.9,NaN,-245,0.14,0.0,19,0.66,29,Preventive Maintenance
28,42,29,73,29.9,42,12.2,0.08,-117,0.02,NaN,14,0.62,37,Routine Monitoring
45,38,59,53,29.3,26,19.9,0.24,-201,0.14,0.0,15,NaN,12,Preventive Maintenance
101,92,NaN,51,16.5,28,21.8,1.04,-279,1.06,12.4,32,1.53,85,Immediate Stabilization
52,52,19,64,31.9,32,8.3,0.06,-96,0.15,0.0,0,0.65,21,Routine Monitoring
42,29,79,63,26.3,38,11.1,0.44,-255,0.07,1.0,27,0.67,45,Preventive Maintenance
70,51,50,43,NaN,24,28.5,0.14,-239,0.32,0.5,17,0.65,48,Scheduled Rehabilitation
33,27,93,72,36.0,38,7.7,0.41,-216,0.11,0.8,17,0.61,5,Preventive Maintenance
78,100,12,69,30.6,21,2.8,0.05,-126,0.19,0.0,0,0.93,67,Scheduled Rehabilitation
54,37,21,62,24.2,23,13.6,0.28,-135,0.17,NaN,0,0.84,47,Preventive Maintenance
57,57,NaN,49,28.9,32,14.6,0.14,-145,0.13,0.0,10,0.79,43,Preventive Maintenance
88,NaN,56,68,25.0,23,23.5,0.34,-266,0.60,5.3,17,1.01,59,Immediate Stabilization
64,63,65,67,NaN,28,NaN,0.24,-126,0.14,0.5,10,0.74,59,Preventive Maintenance
74,51,24,81,22.5,25,15.4,0.13,NaN,0.18,2.8,0,0.91,56,Scheduled Rehabilitation
62,56,49,72,NaN,24,20.2,NaN,-252,0.02,3.7,0,0.84,53,Scheduled Rehabilitation
54,34,61,60,22.7,NaN,16.4,0.23,-136,0.07,1.0,0,0.70,59,Preventive Maintenance
54,62,55,55,23.6,35,22.4,0.27,-164,0.05,2.2,NaN,0.77,61,Preventive Maintenance
33,52,52,65,38.4,33,9.1,0.09,-119,0.02,0.0,0,0.51,44,Routine Monitoring
43,38,10,82,33.5,25,0.5,0.02,-140,0.12,1.1,0,0.73,20,Routine Monitoring
65,55,60,63,21.1,34,29.0,0.29,-205,0.48,0.0,18,0.86,42,Scheduled Rehabilitation
35,36,77,74,NaN,29,10.6,0.32,-182,0.03,NaN,13,0.63,42,Routine Monitoring
56,49,44,52,35.7,31,21.5,0.13,-149,0.17,0.0,0,NaN,47,Preventive Maintenance
87,65,29,88,32.3,26,NaN,0.14,-137,0.02,0.0,0,0.86,NaN,Preventive Maintenance
94,75,NaN,71,22.8,33,24.0,0.64,-328,0.40,2.9,25,0.99,68,Immediate Stabilization
76,NaN,17,NaN,28.9,28,NaN,0.02,-85,0.18,1.4,0,0.77,78,Preventive Maintenance
45,52,33,67,29.9,35,12.4,0.13,-87,0.02,NaN,0,0.76,38,Routine Monitoring
102,NaN,22,NaN,30.6,NaN,18.1,0.04,-180,0.12,0.0,0,0.71,68,Scheduled Rehabilitation
33,32,48,73,26.5,40,16.4,0.28,-118,0.14,0.0,8,0.60,NaN,Preventive Maintenance
76,NaN,33,64,24.3,21,22.8,0.09,-226,NaN,1.9,0,0.94,75,Urgent Rehabilitation
99,62,49,65,21.4,28,27.5,0.30,-223,0.32,2.9,10,NaN,NaN,Urgent Rehabilitation
64,41,45,57,27.8,21,26.5,0.25,-259,0.12,0.5,6,0.74,40,Scheduled Rehabilitation
53,63,28,57,25.8,37,21.0,0.11,-121,0.17,0.6,0,0.76,53,Preventive Maintenance
104,100,60,41,20.3,15,21.5,0.76,-408,1.04,14.6,26,NaN,53,Immediate Stabilization
74,75,48,66,23.2,32,25.1,0.11,-130,0.12,0.4,6,0.84,73,Preventive Maintenance
26,41,28,80,32.7,27,14.7,0.17,NaN,0.12,0.0,0,0.59,17,Routine Monitoring
100,88,82,68,27.4,24,14.8,0.74,-307,0.61,4.2,28,NaN,81,Immediate Stabilization
52,43,60,47,22.8,31,19.7,0.12,-150,0.31,2.8,16,1.02,50,Scheduled Rehabilitation
36,32,32,71,30.8,30,9.1,0.02,-126,0.02,0.0,4,0.59,39,Routine Monitoring
55,46,NaN,NaN,32.5,NaN,13.5,0.51,-211,0.31,2.4,12,NaN,57,Scheduled Rehabilitation
35,48,66,56,25.1,NaN,15.0,0.34,-156,0.12,0.0,15,0.95,37,Scheduled Rehabilitation
76,69,37,56,23.8,21,27.5,0.09,-244,0.18,1.4,0,0.83,51,Urgent Rehabilitation
31,36,44,82,35.8,33,5.4,0.11,-132,0.16,2.4,0,NaN,25,Routine Monitoring
20,20,72,50,34.4,38,7.9,0.33,-250,0.19,NaN,15,0.56,12,Preventive Maintenance
53,48,62,70,28.2,41,14.5,NaN,-159,0.10,0.0,3,0.90,26,Scheduled Rehabilitation
81,NaN,77,43,27.3,NaN,28.5,0.62,-384,0.43,8.1,14,0.94,72,Immediate Stabilization
73,95,50,52,26.6,38,25.7,0.17,-160,0.09,0.3,4,0.73,58,Preventive Maintenance
27,31,78,NaN,34.8,47,10.0,0.54,-292,0.18,0.0,28,0.74,50,Scheduled Rehabilitation
40,50,74,60,29.3,37,9.1,0.52,-230,NaN,0.0,17,0.77,57,Scheduled Rehabilitation
97,76,67,72,14.4,33,NaN,0.48,NaN,NaN,2.7,3,0.99,42,Immediate Stabilization
NaN,80,95,68,25.0,32,15.4,1.01,-281,0.75,NaN,32,0.95,78,Immediate Stabilization
79,NaN,21,76,17.6,20,24.9,NaN,-266,0.26,3.5,0,0.93,36,Urgent Rehabilitation
58,40,14,88,31.8,28,8.5,0.08,-159,0.11,0.0,0,0.64,43,Routine Monitoring
48,25,76,NaN,32.5,40,12.3,0.50,-258,0.20,NaN,33,0.63,48,Preventive Maintenance
49,22,45,59,23.8,NaN,20.4,0.19,NaN,0.04,0.9,9,0.71,53,Preventive Maintenance
46,39,17,46,28.3,26,12.5,0.07,-147,0.02,0.0,0,0.64,18,Preventive Maintenance
50,66,16,87,30.0,27,NaN,0.16,-153,0.10,0.0,0,0.74,40,Routine Monitoring
81,78,24,52,23.5,25,20.4,0.26,-206,0.36,0.0,3,0.95,38,Scheduled Rehabilitation
47,48,49,70,27.7,40,21.0,0.28,-152,0.11,2.4,0,0.81,16,Preventive Maintenance
78,65,81,37,25.8,NaN,NaN,0.70,-352,0.24,1.1,43,0.78,60,Urgent Rehabilitation
82,91,35,87,23.9,27,21.7,0.18,-139,0.08,0.0,NaN,0.63,76,Preventive Maintenance
39,37,65,56,27.2,46,14.7,0.28,-201,0.22,1.2,18,0.75,18,Preventive Maintenance
95,90,62,76,22.3,21,25.3,0.49,-363,0.84,7.8,14,1.09,76,Immediate Stabilization
79,73,65,81,30.3,33,20.8,0.21,-156,0.37,0.6,9,0.81,49,Scheduled Rehabilitation
NaN,74,12,93,24.9,NaN,14.0,0.02,-132,0.15,0.0,0,0.82,76,Preventive Maintenance
80,NaN,10,66,27.3,23,5.3,0.09,-112,0.47,3.0,0,1.07,43,Scheduled Rehabilitation
65,62,78,53,27.5,28,NaN,0.82,-296,0.45,5.2,18,0.99,65,Urgent Rehabilitation
34,45,21,65,34.3,36,6.6,0.02,-138,0.02,0.3,0,0.54,NaN,Routine Monitoring
58,52,54,56,31.1,33,14.9,0.23,-159,0.08,0.3,18,0.65,58,Preventive Maintenance
38,NaN,75,59,22.0,40,NaN,0.51,-210,NaN,2.9,3,0.73,31,Preventive Maintenance
50,34,55,NaN,29.1,37,16.5,0.12,-119,0.02,1.3,18,0.62,NaN,Preventive Maintenance
48,45,84,NaN,27.1,42,17.7,0.55,-265,0.11,0.6,NaN,0.66,38,Scheduled Rehabilitation
48,72,40,63,31.1,25,8.1,0.17,-121,NaN,0.0,0,0.75,9,Routine Monitoring
23,27,NaN,68,27.7,40,11.7,0.30,-158,0.07,0.0,0,0.89,20,Preventive Maintenance
90,72,21,60,22.9,22,23.4,0.18,-200,0.17,0.6,0,0.77,80,Scheduled Rehabilitation
76,82,27,59,29.5,NaN,13.4,0.02,-105,NaN,1.1,0,0.87,66,Scheduled Rehabilitation
84,92,22,62,23.3,31,25.5,0.04,-154,0.28,2.7,0,0.89,72,Scheduled Rehabilitation
102,84,70,73,24.0,23,25.8,0.54,NaN,0.50,7.0,27,1.01,63,Immediate Stabilization
60,56,41,62,27.7,28,19.5,0.02,-150,0.09,0.8,NaN,NaN,56,Preventive Maintenance
61,59,79,37,22.5,37,20.2,NaN,-339,0.40,0.0,28,0.80,61,Urgent Rehabilitation
70,61,50,54,26.8,29,17.3,0.22,-123,0.28,0.0,2,0.94,57,Scheduled Rehabilitation
31,58,35,64,26.6,33,14.1,0.12,-120,0.16,0.0,0,0.69,42,Preventive Maintenance
49,48,25,83,25.9,22,14.7,0.03,-121,NaN,1.3,0,0.74,29,Routine Monitoring
72,60,19,NaN,21.7,28,15.1,0.16,-162,0.28,0.1,0,0.72,50,Preventive Maintenance
39,33,12,81,33.7,32,9.0,0.02,-114,0.02,0.9,0,0.63,41,Routine Monitoring
106,90,76,52,NaN,NaN,31.4,0.83,-403,1.24,15.7,19,1.55,75,Immediate Stabilization
34,41,24,NaN,30.5,35,5.8,0.28,-140,0.02,0.0,0,0.68,NaN,Routine Monitoring
81,67,85,54,21.5,35,20.8,0.59,-299,0.25,3.1,26,0.90,58,Urgent Rehabilitation
87,88,30,76,21.5,20,21.0,0.02,-231,0.33,NaN,4,1.00,88,Urgent Rehabilitation
25,41,23,85,31.6,41,5.4,0.02,-110,0.12,0.0,5,0.81,20,Routine Monitoring
82,78,53,63,29.2,38,19.9,0.33,NaN,0.21,0.0,8,0.84,45,Preventive Maintenance
82,81,70,24,NaN,23,NaN,0.48,-342,0.49,4.6,33,0.81,47,Immediate Stabilization
NaN,28,91,52,34.4,38,14.2,0.61,-272,0.17,0.0,28,0.55,55,Scheduled Rehabilitation
56,55,21,65,26.4,32,15.2,0.27,-136,0.02,0.0,0,0.85,45,Preventive Maintenance
38,20,62,47,24.7,36,19.0,0.40,-191,0.02,0.0,NaN,0.65,22,Preventive Maintenance
31,NaN,10,77,30.1,38,0.5,0.18,-162,0.09,0.3,NaN,0.68,41,Routine Monitoring
55,41,59,42,NaN,32,28.8,0.14,-215,0.21,NaN,23,0.83,NaN,Scheduled Rehabilitation
63,61,47,59,26.8,20,24.0,0.26,-295,0.17,0.7,9,0.83,54,Scheduled Rehabilitation
107,100,21,78,19.7,25,18.7,0.02,-118,NaN,2.1,0,1.32,81,Urgent Rehabilitation
33,56,72,81,NaN,44,13.4,0.30,-194,0.08,0.0,NaN,NaN,NaN,Preventive Maintenance
40,57,81,59,25.6,29,10.6,0.44,-254,0.33,0.0,40,0.75,32,Scheduled Rehabilitation
27,40,64,65,30.4,43,7.7,NaN,-163,0.02,0.0,0,0.66,19,Routine Monitoring
31,58,51,76,39.1,43,15.0,0.15,-184,0.02,0.9,0,0.52,51,Routine Monitoring
20,24,53,91,32.2,42,13.5,0.14,-97,NaN,0.3,0,0.69,26,Routine Monitoring
26,25,86,55,26.9,42,8.2,0.43,-248,0.14,0.0,25,0.68,25,Preventive Maintenance
80,79,95,48,21.9,NaN,20.3,0.92,-321,NaN,8.5,29,1.09,NaN,Immediate Stabilization
37,22,64,48,34.6,32,12.8,NaN,-206,NaN,0.0,29,0.77,33,Preventive Maintenance
64,55,95,79,30.2,NaN,5.4,0.81,-278,0.26,3.3,16,0.74,66,Scheduled Rehabilitation
62,43,32,64,25.4,35,17.0,0.21,-165,0.14,0.0,0,0.95,65,Preventive Maintenance
55,42,26,63,33.0,NaN,17.9,0.32,-140,NaN,0.0,0,0.67,54,Routine Monitoring
81,74,31,80,27.5,25,19.4,0.09,-153,0.07,0.0,0,0.76,51,Preventive Maintenance
63,48,56,51,25.9,30,NaN,0.16,-239,0.31,3.5,15,0.95,38,Urgent Rehabilitation
37,44,46,74,29.7,34,12.3,NaN,-141,0.13,0.0,0,0.75,41,Routine Monitoring
63,71,83,60,26.4,36,21.9,0.57,-292,0.43,2.3,32,0.60,54,Urgent Rehabilitation
70,54,56,49,25.5,30,26.6,0.49,-291,NaN,1.6,11,0.85,62,Urgent Rehabilitation
80,NaN,36,76,NaN,24,27.1,0.16,-203,0.22,NaN,7,0.68,58,Scheduled Rehabilitation
30,38,64,81,35.7,38,12.1,0.28,-181,0.05,0.0,0,0.64,45,Routine Monitoring
21,24,21,52,30.9,28,12.6,0.07,-83,0.05,2.2,0,0.68,12,Routine Monitoring
51,44,71,44,22.6,31,27.3,0.20,-207,0.27,0.0,22,0.83,13,Scheduled Rehabilitation
43,41,90,64,28.4,38,7.6,0.56,-268,0.26,3.4,20,NaN,47,Scheduled Rehabilitation
57,NaN,54,54,18.5,25,NaN,0.50,NaN,0.36,NaN,1,0.86,50,Immediate Stabilization
34,35,24,58,29.4,39,10.1,0.35,-203,0.17,0.6,0,0.59,54,Preventive Maintenance
67,55,72,65,26.1,25,19.2,0.48,-253,0.24,0.4,8,0.62,62,Scheduled Rehabilitation
39,52,54,72,27.7,28,20.6,0.20,-190,0.07,0.0,0,0.70,47,Preventive Maintenance
66,58,28,44,27.2,21,18.7,0.18,-223,0.03,0.0,3,0.79,51,Scheduled Rehabilitation
33,30,15,81,30.5,29,7.1,0.02,-112,0.02,0.0,0,0.71,NaN,Routine Monitoring
77,58,46,47,14.1,32,36.2,0.19,-273,0.41,3.1,18,0.92,NaN,Urgent Rehabilitation
58,54,22,67,28.9,32,9.1,0.03,NaN,0.14,1.5,0,NaN,53,Preventive Maintenance
69,60,49,NaN,23.5,23,16.4,0.31,-195,0.17,0.0,10,0.82,60,Preventive Maintenance
39,41,45,71,29.0,32,NaN,0.10,-136,0.15,0.0,0,0.71,40,Routine Monitoring
NaN,44,55,63,23.1,31,25.8,0.28,-177,0.40,3.0,7,NaN,63,Urgent Rehabilitation
20,39,48,NaN,34.4,48,6.4,0.05,-121,0.22,1.8,5,0.64,5,Routine Monitoring
56,65,12,79,NaN,26,14.7,0.02,-118,0.04,0.0,0,0.67,NaN,Preventive Maintenance
51,38,20,73,31.0,26,13.2,0.02,-80,0.02,0.7,0,0.64,37,Routine Monitoring
23,39,75,NaN,33.9,35,NaN,0.28,-215,0.05,NaN,27,0.54,5,Routine Monitoring
102,76,95,NaN,NaN,31,13.9,1.13,-291,1.13,14.6,39,1.10,57,Immediate Stabilization
99,81,59,72,22.4,25,24.9,0.49,-286,NaN,0.9,18,0.95,64,Urgent Rehabilitation
68,59,82,60,31.3,24,12.7,0.80,-238,0.15,0.0,17,0.76,42,Scheduled Rehabilitation
37,41,30,64,NaN,36,15.2,0.02,-117,0.07,0.0,0,0.65,37,Routine Monitoring
55,42,46,73,17.4,NaN,29.0,0.20,-204,0.25,1.2,NaN,0.94,52,Scheduled Rehabilitation
34,40,32,78,26.8,41,11.1,0.02,-144,0.13,0.9,0,0.84,20,Preventive Maintenance
74,61,41,48,24.7,19,NaN,0.03,NaN,0.19,0.0,0,0.81,52,Scheduled Rehabilitation
41,NaN,94,53,26.7,42,NaN,0.64,-324,0.23,1.4,22,0.94,22,Urgent Rehabilitation
66,42,86,33,33.1,29,14.6,0.59,-288,NaN,2.9,46,0.67,72,Urgent Rehabilitation
NaN,57,72,78,26.9,30,19.6,0.73,-276,0.27,2.4,22,0.89,70,Urgent Rehabilitation
52,NaN,39,80,30.5,30,NaN,0.08,-214,0.25,1.9,NaN,0.72,49,Preventive Maintenance
36,47,50,62,28.6,31,19.1,0.19,-136,NaN,0.0,8,0.79,20,Routine Monitoring
60,49,80,64,23.1,NaN,19.7,0.88,-302,0.44,4.4,19,0.96,62,Urgent Rehabilitation
67,76,40,78,28.3,38,24.5,0.16,-146,0.11,1.9,0,0.75,54,Preventive Maintenance
52,31,70,45,30.6,25,14.7,0.37,-212,0.15,0.3,26,0.69,49,Preventive Maintenance
102,85,38,95,25.0,28,NaN,NaN,-136,0.35,0.7,0,1.10,63,Scheduled Rehabilitation
22,29,90,55,28.8,46,6.0,0.42,-222,0.24,0.7,34,0.69,29,Scheduled Rehabilitation
51,53,10,85,25.1,27,13.5,0.03,-91,0.17,0.0,0,0.69,20,Routine Monitoring
68,53,46,46,27.8,25,21.6,0.44,-254,NaN,0.0,13,0.94,63,Urgent Rehabilitation
40,NaN,70,60,30.5,39,9.8,0.51,-238,0.26,0.8,26,0.69,31,Scheduled Rehabilitation
73,51,NaN,64,24.7,25,21.1,NaN,-328,0.37,6.0,21,0.81,60,Urgent Rehabilitation
28,41,50,89,36.5,42,15.6,0.09,-129,0.03,0.0,0,0.51,30,Routine Monitoring
51,49,19,64,31.0,33,10.4,0.13,-80,0.02,1.6,0,0.80,47,Preventive Maintenance
65,80,39,NaN,30.3,32,NaN,0.09,-129,0.21,0.0,0,0.76,52,Routine Monitoring
49,32,37,48,29.2,37,23.8,0.02,-176,0.16,1.2,0,0.81,40,Preventive Maintenance
NaN,59,82,53,36.8,NaN,6.9,0.45,NaN,0.07,1.2,11,0.67,25,Preventive Maintenance
76,70,80,NaN,22.9,38,18.0,NaN,-244,0.59,4.4,26,0.89,54,Urgent Rehabilitation
NaN,66,50,56,NaN,27,27.4,0.34,-243,0.33,0.0,0,0.99,61,Urgent Rehabilitation
NaN,57,73,NaN,NaN,32,14.5,0.39,-150,0.02,0.0,5,0.70,58,Preventive Maintenance
30,NaN,25,74,28.4,30,10.2,0.19,-125,NaN,1.0,0,0.70,20,Routine Monitoring
42,22,88,40,26.0,33,18.4,0.49,-276,0.27,1.4,35,0.70,44,Scheduled Rehabilitation
35,39,70,49,NaN,44,NaN,0.36,-164,0.17,0.0,18,0.72,62,Preventive Maintenance
49,28,46,50,26.8,33,16.3,0.31,-156,0.18,1.5,0,0.73,51,Preventive Maintenance
53,35,81,51,31.9,28,15.3,0.49,-243,0.38,2.7,22,0.60,NaN,Scheduled Rehabilitation
61,53,40,74,25.8,21,15.0,0.21,-177,0.24,0.5,15,0.92,27,Preventive Maintenance
92,69,83,50,21.5,30,23.7,0.80,-315,0.45,4.8,28,0.94,85,Immediate Stabilization
31,37,18,71,31.1,34,6.7,0.20,-124,0.04,0.0,0,0.71,49,Routine Monitoring
87,67,79,NaN,28.3,26,19.6,0.80,-294,0.55,5.7,32,0.93,54,Immediate Stabilization
96,85,28,92,24.6,22,24.1,0.15,-217,0.21,0.0,0,0.95,68,Urgent Rehabilitation
85,91,67,56,24.4,29,24.6,0.58,-296,0.59,0.9,27,0.91,70,Immediate Stabilization
76,49,19,67,24.2,20,20.2,0.15,-203,0.05,0.1,0,0.79,64,Preventive Maintenance
92,53,38,63,21.6,25,36.6,0.19,-247,0.13,NaN,16,0.83,68,Scheduled Rehabilitation
41,53,NaN,76,26.6,29,10.6,0.02,-125,NaN,0.0,0,0.93,41,Preventive Maintenance
61,66,79,50,28.2,NaN,20.1,0.51,-210,0.34,1.8,13,0.86,37,Scheduled Rehabilitation
41,42,72,54,30.0,35,10.0,0.30,-186,0.14,1.7,NaN,0.64,11,Preventive Maintenance
71,49,74,61,26.0,31,20.9,0.40,-188,0.12,0.6,18,0.77,38,Scheduled Rehabilitation
39,33,72,76,36.0,30,8.5,0.21,-152,0.09,3.1,2,0.64,40,Preventive Maintenance
75,46,25,39,30.3,25,20.1,0.08,-152,0.37,0.6,3,0.84,50,Scheduled Rehabilitation
105,76,74,68,22.2,32,27.5,0.45,-258,0.58,3.5,9,1.09,83,Immediate Stabilization
86,75,43,79,24.4,34,18.7,0.28,-168,0.27,0.0,0,0.68,76,Scheduled Rehabilitation
54,NaN,79,76,28.3,39,13.9,0.58,-239,0.20,0.0,8,0.70,61,Scheduled Rehabilitation
43,58,39,63,28.4,42,17.6,NaN,-144,0.18,0.6,10,NaN,56,Preventive Maintenance
68,66,52,59,20.8,33,27.5,0.45,-269,0.14,0.0,11,0.88,42,Scheduled Rehabilitation
112,99,25,59,20.8,26,22.1,0.28,-198,0.20,0.0,0,0.90,94,Scheduled Rehabilitation
93,74,54,80,NaN,21,27.7,0.16,-294,0.19,1.7,9,0.66,59,Scheduled Rehabilitation
86,NaN,NaN,NaN,24.6,35,20.8,0.25,-140,0.14,0.0,0,0.80,44,Preventive Maintenance
94,90,50,63,22.8,NaN,31.2,0.34,-302,0.38,4.3,18,1.05,77,Immediate Stabilization
49,77,49,54,28.9,29,20.5,0.19,-166,0.21,0.0,14,0.62,44,Preventive Maintenance
80,75,73,65,22.5,28,29.9,0.54,-354,0.40,4.2,25,0.68,57,Urgent Rehabilitation
44,46,76,70,28.9,39,11.3,0.60,-198,0.07,0.0,NaN,0.74,18,Preventive Maintenance
60,73,64,56,29.3,32,16.6,0.21,NaN,0.40,1.4,11,0.84,49,Scheduled Rehabilitation
24,46,47,40,31.8,46,12.7,0.14,-101,0.16,4.3,3,0.71,12,Routine Monitoring
55,39,66,58,NaN,33,21.7,0.44,NaN,0.24,0.0,5,0.90,30,Scheduled Rehabilitation
57,NaN,25,34,28.1,17,17.4,0.24,-244,0.26,2.6,0,0.74,56,Scheduled Rehabilitation
NaN,46,20,33,28.8,30,NaN,0.02,-133,0.07,0.6,NaN,0.66,50,Preventive Maintenance
22,34,64,34,NaN,40,13.6,0.17,NaN,0.26,0.0,22,0.64,5,Preventive Maintenance
NaN,NaN,NaN,45,32.3,28,11.7,0.02,-140,0.25,0.0,9,0.78,24,Preventive Maintenance
81,65,70,47,30.2,24,23.2,0.40,-321,0.59,6.9,33,0.90,63,Immediate Stabilization
31,33,NaN,65,33.7,42,8.4,0.33,-169,NaN,0.0,27,0.64,22,Preventive Maintenance
98,78,45,70,23.8,26,27.5,0.14,-202,NaN,1.4,7,0.89,47,Urgent Rehabilitation
99,84,47,48,21.8,23,29.2,0.25,-311,0.53,1.6,NaN,NaN,95,Immediate Stabilization
49,38,59,31,34.0,26,24.0,0.60,-338,0.13,4.1,25,0.83,44,Urgent Rehabilitation
60,NaN,71,66,24.7,31,25.9,0.39,-237,0.25,0.9,19,NaN,49,Scheduled Rehabilitation
29,29,44,64,26.2,35,6.4,0.29,-152,0.14,0.0,0,0.64,40,Preventive Maintenance
62,41,76,36,27.6,33,20.3,0.57,-267,0.33,0.0,39,0.87,43,Urgent Rehabilitation
51,49,82,48,23.4,NaN,25.3,NaN,-326,NaN,0.6,28,0.77,25,Scheduled Rehabilitation
32,NaN,48,59,31.5,39,10.3,0.02,-104,NaN,0.0,9,0.61,21,Routine Monitoring
39,52,93,48,30.9,39,13.1,0.50,-298,0.02,0.0,21,0.63,43,Scheduled Rehabilitation
65,74,54,80,27.1,29,NaN,0.18,-185,0.25,0.0,0,0.80,45,Scheduled Rehabilitation
85,100,76,76,27.5,NaN,12.3,0.53,-241,0.24,2.1,17,0.81,44,Urgent Rehabilitation
65,79,28,71,32.6,30,16.8,0.31,-166,0.12,0.0,0,0.67,36,Preventive Maintenance
74,47,10,55,27.6,16,9.2,0.21,NaN,0.04,0.0,6,0.61,64,Preventive Maintenance
29,20,75,40,24.1,NaN,NaN,0.20,-108,0.09,0.1,19,0.74,35,Preventive Maintenance
91,73,90,48,29.7,30,13.5,0.86,-353,0.58,6.9,28,0.70,58,Urgent Rehabilitation
47,49,17,71,31.3,34,9.0,0.09,NaN,0.02,0.0,0,0.58,37,Routine Monitoring
64,66,56,54,23.9,30,23.4,0.35,-232,0.32,1.2,4,NaN,NaN,Scheduled Rehabilitation
34,39,27,64,NaN,33,12.9,0.12,-124,0.12,1.4,0,0.80,34,Preventive Maintenance
32,NaN,19,65,25.5,39,17.4,0.10,NaN,0.26,0.0,0,0.69,27,Routine Monitoring
NaN,44,61,37,20.8,33,31.8,0.34,-303,0.25,0.0,NaN,1.07,36,Urgent Rehabilitation
62,55,51,NaN,28.7,31,17.8,NaN,-217,0.18,0.8,6,NaN,45,Scheduled Rehabilitation
66,50,88,44,22.4,NaN,15.7,0.54,-266,0.18,0.0,21,0.88,31,Scheduled Rehabilitation
NaN,22,39,64,43.4,37,5.4,0.07,-80,0.10,NaN,8,0.58,41,Routine Monitoring
36,42,71,63,32.3,34,9.2,0.25,-158,0.03,0.2,NaN,NaN,49,Preventive Maintenance
63,46,52,47,28.4,27,14.6,0.25,-114,0.12,0.0,7,0.84,55,Preventive Maintenance
74,40,62,50,NaN,23,19.0,0.35,-203,0.25,0.0,10,0.68,67,Scheduled Rehabilitation
55,71,72,47,28.4,41,22.1,0.44,-252,NaN,0.5,25,0.64,47,Scheduled Rehabilitation
76,67,43,69,24.3,28,26.6,0.14,-173,0.21,1.1,0,0.78,62,Scheduled Rehabilitation
89,68,31,62,28.0,24,21.8,0.08,-184,NaN,0.6,0,0.77,68,Scheduled Rehabilitation
29,22,32,95,38.6,37,NaN,0.09,-80,0.02,0.0,0,0.61,29,Routine Monitoring
35,31,40,92,31.7,35,14.2,0.14,-80,0.06,0.0,NaN,0.72,43,Routine Monitoring
68,NaN,35,53,28.3,33,19.3,0.32,-160,0.13,0.0,0,NaN,63,Preventive Maintenance
34,20,68,72,29.4,32,12.1,0.16,-178,0.02,0.0,1,0.59,31,Routine Monitoring
95,78,67,43,20.6,24,31.7,0.50,-378,0.52,5.0,13,NaN,78,Immediate Stabilization
29,39,20,64,31.5,34,4.1,0.02,-133,0.02,NaN,5,0.78,19,Routine Monitoring
86,64,52,45,21.7,23,32.2,0.17,NaN,0.56,4.5,9,0.88,72,Immediate Stabilization
NaN,100,NaN,32,17.8,27,19.2,0.90,NaN,0.77,14.7,NaN,1.03,67,Immediate Stabilization
33,34,10,NaN,NaN,NaN,7.1,0.02,-116,NaN,0.0,0,0.65,26,Routine Monitoring
82,73,78,44,26.7,30,20.8,0.71,-321,0.27,4.6,23,0.82,59,Urgent Rehabilitation
42,45,50,57,24.7,31,17.5,0.13,-149,0.21,0.0,8,0.72,NaN,Preventive Maintenance
78,69,30,68,23.9,26,22.0,0.25,-200,0.37,2.4,0,0.86,62,Scheduled Rehabilitation
81,NaN,33,60,NaN,24,20.1,0.06,-159,0.18,NaN,NaN,1.11,73,Scheduled Rehabilitation
75,67,53,51,23.1,22,23.9,0.27,-226,0.30,2.0,10,0.86,62,Urgent Rehabilitation
62,59,62,39,23.9,37,34.9,0.30,-271,0.02,2.7,7,0.96,47,Urgent Rehabilitation
NaN,51,85,47,23.3,31,19.3,0.73,-236,0.40,4.1,32,0.75,70,Urgent Rehabilitation
30,34,31,95,25.0,38,NaN,0.29,-174,0.08,0.0,0,0.72,46,Preventive Maintenance
50,29,66,73,31.4,41,10.8,0.51,NaN,0.22,3.3,1,0.79,34,Preventive Maintenance
97,75,52,56,30.4,17,22.3,0.23,-283,0.31,1.0,8,0.77,78,Scheduled Rehabilitation
80,80,49,82,26.4,30,26.6,0.38,-236,0.20,0.9,0,0.91,48,Urgent Rehabilitation
45,50,85,76,24.7,39,21.2,0.66,-310,0.29,3.7,7,0.97,41,Urgent Rehabilitation
53,61,47,95,33.0,37,19.1,0.17,-151,0.33,4.6,4,0.79,36,Preventive Maintenance
58,36,15,67,31.3,12,NaN,0.24,-202,0.34,0.8,0,0.70,41,Scheduled Rehabilitation
101,NaN,44,77,21.4,22,25.9,0.30,-268,0.48,NaN,NaN,0.97,68,Immediate Stabilization
40,55,74,62,30.1,NaN,8.2,0.47,-266,0.02,0.4,18,0.64,19,Preventive Maintenance
88,87,29,48,15.7,27,27.0,0.10,-211,0.16,0.0,0,0.92,86,Scheduled Rehabilitation
42,35,24,64,28.2,37,13.2,0.02,-128,0.02,0.2,0,0.74,51,Preventive Maintenance
66,53,92,35,26.3,36,12.5,0.81,-246,0.40,NaN,32,0.74,70,Urgent Rehabilitation
32,50,53,NaN,25.7,33,13.1,0.20,-171,0.17,0.8,8,0.83,32,Preventive Maintenance
87,81,30,80,22.8,29,18.5,0.11,-111,0.31,0.0,0,1.03,74,Scheduled Rehabilitation
38,35,46,83,31.5,43,NaN,0.18,-113,NaN,0.8,1,0.69,35,Routine Monitoring
53,48,27,78,28.6,27,7.1,0.02,-106,0.15,1.1,0,NaN,28,Routine Monitoring
32,45,39,71,NaN,28,12.2,NaN,-123,0.10,2.1,0,0.60,35,Routine Monitoring
90,96,95,84,25.3,28,NaN,0.85,-220,0.46,5.1,19,0.83,62,Urgent Rehabilitation
105,80,87,62,23.0,19,19.4,0.94,-347,1.05,13.7,20,NaN,77,Immediate Stabilization
47,35,25,63,26.9,34,8.9,0.02,-135,0.23,0.0,5,0.91,45,Preventive Maintenance
78,80,15,72,21.4,22,11.0,0.07,-156,0.32,0.6,1,1.04,48,Scheduled Rehabilitation
110,100,49,75,22.5,25,30.1,0.23,-244,0.47,2.8,2,0.96,90,Immediate Stabilization
65,58,53,69,26.9,21,22.6,0.22,-182,0.03,0.0,1,0.77,69,Preventive Maintenance
76,68,71,68,NaN,30,22.4,0.52,-264,0.26,0.0,14,0.73,63,Scheduled Rehabilitation
82,80,28,66,22.6,29,28.3,0.21,-231,0.43,0.0,15,0.92,71,Urgent Rehabilitation
60,46,44,65,25.2,30,16.9,0.15,-181,0.26,0.5,13,0.75,33,Preventive Maintenance
90,79,66,48,25.3,26,25.2,0.72,-337,0.41,5.3,12,0.90,68,Immediate Stabilization
63,50,84,55,29.0,33,24.4,0.69,-334,0.47,7.1,25,0.71,59,Urgent Rehabilitation
50,59,46,77,30.7,34,15.0,0.22,-145,0.15,0.0,0,0.73,22,Routine Monitoring
73,64,15,83,25.9,28,3.5,0.07,-80,NaN,0.2,0,0.70,52,Preventive Maintenance
86,51,68,52,24.5,28,30.3,0.74,-330,0.54,6.2,15,NaN,NaN,Immediate Stabilization
93,100,23,84,NaN,17,16.2,0.02,-220,NaN,NaN,0,0.78,68,Scheduled Rehabilitation
37,NaN,63,75,33.2,36,9.8,0.35,-228,0.09,3.8,13,0.72,NaN,Preventive Maintenance
73,54,20,81,16.8,23,17.3,0.10,-192,0.19,1.1,0,0.83,66,Preventive Maintenance
29,26,73,48,36.4,37,12.0,0.40,-234,0.18,NaN,38,0.64,35,Preventive Maintenance
76,64,37,51,24.5,28,22.9,0.32,-186,0.22,0.0,11,0.83,61,Scheduled Rehabilitation
59,37,22,58,24.2,31,14.7,0.32,-186,0.35,0.0,0,0.79,NaN,Scheduled Rehabilitation
83,72,23,81,20.6,23,18.0,0.02,-133,0.34,NaN,0,0.88,58,Scheduled Rehabilitation
106,96,75,50,19.6,19,28.2,0.71,-393,0.86,11.0,10,NaN,81,Immediate Stabilization
53,NaN,40,82,27.4,31,8.5,0.21,-157,0.09,0.0,0,0.70,41,Preventive Maintenance
70,54,53,38,NaN,35,26.0,0.25,-166,0.38,0.0,16,0.81,50,Scheduled Rehabilitation
62,64,71,32,29.5,34,21.6,0.55,-273,0.23,0.6,20,0.87,65,Urgent Rehabilitation
NaN,54,36,54,30.0,28,21.5,0.23,-159,0.08,1.9,0,0.83,24,Preventive Maintenance
46,NaN,42,81,30.3,27,25.2,0.33,-290,0.02,1.9,0,0.68,43,Scheduled Rehabilitation
45,25,72,58,35.0,41,10.3,NaN,-174,0.24,1.7,24,0.82,44,Scheduled Rehabilitation
82,65,20,71,29.5,31,12.9,0.02,-156,0.02,0.0,1,NaN,50,Routine Monitoring
75,70,54,71,22.4,24,18.7,0.18,-192,0.32,0.0,2,0.89,62,Scheduled Rehabilitation
59,45,19,57,26.9,28,14.4,0.12,NaN,0.16,3.5,0,0.74,46,Preventive Maintenance
88,90,19,NaN,21.2,17,12.3,0.02,-111,0.50,4.4,NaN,1.00,43,Scheduled Rehabilitation
51,33,82,53,23.8,NaN,21.9,0.68,-320,0.17,1.9,10,0.81,53,Scheduled Rehabilitation
64,84,73,63,28.0,27,18.5,0.44,-275,0.30,4.6,43,0.64,62,Urgent Rehabilitation
41,49,64,44,21.0,38,18.5,0.12,-162,NaN,1.6,22,0.60,34,Preventive Maintenance
32,40,74,38,22.8,36,21.6,0.57,-262,0.21,0.0,38,0.82,31,Scheduled Rehabilitation
36,47,90,90,32.7,38,5.2,0.60,-240,0.12,NaN,23,0.73,NaN,Preventive Maintenance
44,55,39,58,28.0,34,NaN,0.16,-105,0.07,0.1,0,NaN,57,Preventive Maintenance
81,51,46,70,23.2,28,28.5,0.02,NaN,0.30,2.1,14,1.05,78,Urgent Rehabilitation
26,24,91,44,23.4,32,10.1,0.62,-275,0.23,0.1,45,0.62,14,Scheduled Rehabilitation
88,59,47,56,27.8,13,24.6,0.28,-314,0.45,4.3,9,0.97,67,Immediate Stabilization
46,25,66,51,26.2,39,13.0,0.33,-146,0.34,2.5,13,0.78,42,Preventive Maintenance
NaN,36,57,63,26.0,32,12.1,0.32,-207,0.21,NaN,5,0.75,42,Preventive Maintenance
66,70,83,41,23.9,32,19.1,0.68,-296,0.37,3.5,17,0.76,50,Urgent Rehabilitation
58,60,66,86,29.0,34,17.7,0.30,-232,0.03,0.0,NaN,0.56,51,Preventive Maintenance
29,22,85,73,35.4,31,9.1,0.34,-152,0.02,NaN,10,0.55,36,Routine Monitoring
62,84,69,79,25.2,36,21.4,0.44,-220,0.37,0.6,7,0.71,55,Scheduled Rehabilitation
57,79,95,43,28.1,35,9.1,0.77,-341,0.27,1.8,44,0.69,41,Scheduled Rehabilitation
48,NaN,51,51,22.6,33,23.9,0.39,-226,0.30,1.0,7,0.90,NaN,Urgent Rehabilitation
94,NaN,85,48,18.2,27,18.4,0.78,-320,0.64,4.0,32,1.12,51,Immediate Stabilization
58,66,45,83,31.1,19,16.7,0.08,-124,0.12,2.0,0,0.78,48,Preventive Maintenance
99,91,57,69,21.4,21,25.2,0.40,NaN,0.62,6.5,0,1.24,52,Immediate Stabilization
74,55,36,69,19.3,21,18.4,0.22,-234,0.27,0.0,1,1.00,54,Scheduled Rehabilitation
45,37,77,51,25.4,36,7.2,0.67,-314,0.23,2.5,33,0.77,50,Urgent Rehabilitation
66,NaN,70,42,25.4,NaN,32.6,0.35,-284,0.54,2.9,12,0.84,42,Urgent Rehabilitation
59,73,33,62,27.1,36,10.9,0.16,NaN,0.17,0.0,10,0.79,46,Preventive Maintenance
39,20,66,58,34.8,34,10.6,0.37,-216,0.05,0.0,19,0.68,34,Preventive Maintenance
34,34,77,74,32.1,36,7.4,0.38,-224,0.11,0.2,19,0.61,29,Preventive Maintenance
97,84,84,75,18.2,30,24.5,0.76,-287,0.86,9.9,NaN,1.07,65,Immediate Stabilization
34,41,77,39,28.2,32,NaN,0.58,-320,0.27,3.1,31,0.68,NaN,Scheduled Rehabilitation
63,42,77,62,NaN,38,18.1,0.59,-298,0.40,5.3,21,0.93,NaN,Urgent Rehabilitation
70,68,26,65,28.1,30,18.0,0.02,-130,NaN,3.5,NaN,0.99,36,Scheduled Rehabilitation
36,34,78,52,31.7,39,7.3,0.24,-166,0.06,0.0,17,0.65,26,Routine Monitoring
35,47,30,86,29.3,30,9.9,0.27,-144,0.13,0.0,0,0.64,NaN,Routine Monitoring
37,31,82,49,32.8,37,4.7,0.61,-253,0.13,0.0,13,0.54,NaN,Scheduled Rehabilitation
96,81,10,62,21.5,19,16.5,NaN,-137,0.02,1.3,0,0.73,81,Scheduled Rehabilitation
79,79,87,NaN,16.5,36,23.7,0.78,-267,0.37,3.7,26,1.05,NaN,Immediate Stabilization
45,30,NaN,60,35.8,36,NaN,0.02,-127,0.18,0.0,1,0.73,35,Routine Monitoring
94,84,40,73,21.7,30,28.2,0.31,-252,0.28,0.8,0,0.91,NaN,Urgent Rehabilitation
80,70,33,71,26.7,30,NaN,0.12,-110,NaN,0.0,NaN,0.70,81,Preventive Maintenance
56,43,33,52,24.7,25,18.3,0.02,-115,0.22,0.0,0,0.93,44,Scheduled Rehabilitation
57,58,51,55,26.0,33,21.5,0.25,NaN,0.22,0.8,16,0.88,43,Scheduled Rehabilitation
27,32,85,59,41.1,50,6.7,0.29,-155,0.12,0.4,18,0.72,43,Preventive Maintenance
49,69,25,51,NaN,28,15.8,0.02,-138,0.28,1.7,0,0.79,34,Preventive Maintenance
73,68,53,57,21.2,18,27.4,0.33,-312,0.14,0.1,8,NaN,62,Urgent Rehabilitation
64,71,60,77,26.9,31,14.6,0.22,-94,0.24,0.0,0,0.87,61,Preventive Maintenance
76,72,57,46,24.9,28,19.2,0.57,-238,0.35,3.6,12,0.76,63,Urgent Rehabilitation
47,66,25,74,35.1,31,6.9,0.07,-133,0.02,3.3,NaN,0.81,30,Routine Monitoring
NaN,63,50,56,18.7,36,31.4,0.27,-221,0.57,1.7,5,1.13,65,Urgent Rehabilitation
30,47,28,56,43.0,35,10.6,0.13,-139,0.27,1.2,5,0.62,22,Routine Monitoring
59,57,15,78,19.1,24,8.6,0.02,-135,0.23,1.6,0,0.70,19,Preventive Maintenance
74,52,74,46,24.5,31,21.0,0.45,-253,0.40,3.3,18,0.90,39,Urgent Rehabilitation
70,75,20,62,29.2,33,12.3,0.18,-145,0.03,0.2,0,0.65,57,Preventive Maintenance
74,50,31,72,28.1,24,19.6,0.02,-130,0.23,0.0,4,0.71,67,Preventive Maintenance
88,65,20,63,20.4,20,24.0,0.02,-244,0.30,2.0,0,0.85,50,Scheduled Rehabilitation
NaN,58,NaN,65,31.4,27,19.7,0.26,-175,0.09,0.0,5,0.81,NaN,Preventive Maintenance
89,90,26,46,27.7,17,20.5,0.13,-270,0.60,6.2,NaN,0.77,65,Urgent Rehabilitation
33,56,25,72,32.1,34,8.2,0.08,-139,0.04,0.0,1,0.56,30,Routine Monitoring
99,90,41,71,27.7,21,26.4,0.14,-263,0.30,0.0,6,0.81,52,Scheduled Rehabilitation
66,64,69,NaN,30.1,30,18.2,0.35,-204,0.20,2.7,14,0.67,52,Preventive Maintenance
47,51,36,56,26.3,37,NaN,0.12,-152,0.26,0.0,8,0.76,35,Preventive Maintenance
NaN,61,62,44,23.9,28,24.9,0.40,-254,0.50,NaN,7,0.99,71,Urgent Rehabilitation
108,80,65,56,28.6,13,26.9,0.45,-360,0.54,9.9,12,0.84,71,Immediate Stabilization
78,74,40,NaN,28.6,19,23.0,0.35,-311,NaN,2.1,10,0.76,63,Urgent Rehabilitation
51,57,82,77,27.4,25,13.1,0.43,-235,0.24,2.4,20,0.68,44,Scheduled Rehabilitation
42,46,48,47,19.4,37,26.3,0.02,-150,0.16,NaN,16,0.87,NaN,Preventive Maintenance
67,68,37,59,26.4,26,18.5,0.42,-179,0.35,0.8,6,0.84,46,Scheduled Rehabilitation
42,56,89,66,28.6,33,10.8,0.62,-249,0.15,0.0,9,0.73,47,Scheduled Rehabilitation
32,49,81,66,31.3,46,15.3,0.50,NaN,0.05,0.3,12,0.69,16,Routine Monitoring
27,38,41,42,35.0,26,10.2,0.28,-167,0.07,1.2,0,NaN,22,Routine Monitoring
59,45,94,45,34.4,38,4.5,0.75,-285,0.21,1.5,42,0.62,54,Urgent Rehabilitation
105,82,17,66,17.7,22,15.8,0.08,-80,0.24,0.0,0,0.82,81,Scheduled Rehabilitation
79,55,NaN,61,23.3,30,31.3,0.09,-259,0.44,0.9,4,1.03,69,Urgent Rehabilitation
62,66,38,NaN,20.6,31,22.0,0.23,-177,0.49,4.3,0,NaN,61,Scheduled Rehabilitation
43,39,49,61,29.0,31,18.6,NaN,-115,0.07,0.0,4,0.69,26,Routine Monitoring
78,66,22,77,23.3,16,16.0,0.31,-264,NaN,0.7,0,0.84,33,Scheduled Rehabilitation
62,62,15,80,26.7,26,11.0,0.12,-175,0.05,0.0,NaN,0.63,NaN,Preventive Maintenance
47,74,NaN,90,30.0,NaN,13.4,0.02,-105,0.18,2.4,0,0.80,42,Preventive Maintenance
NaN,56,60,65,27.1,37,19.0,0.31,-174,0.06,2.4,14,NaN,57,Preventive Maintenance
24,25,68,78,34.8,35,NaN,0.45,-239,0.21,0.8,14,0.72,18,Preventive Maintenance
31,38,34,61,33.0,36,14.3,0.05,-88,0.23,0.0,0,0.64,12,Routine Monitoring
35,NaN,30,61,34.1,41,6.2,0.17,-132,0.02,0.0,10,0.65,NaN,Routine Monitoring
66,57,66,61,30.0,25,14.2,0.61,NaN,0.08,0.0,5,0.76,NaN,Preventive Maintenance
63,54,45,60,24.8,35,20.3,0.48,-221,0.44,3.5,9,0.88,45,Urgent Rehabilitation
59,50,58,53,26.6,20,19.4,0.47,-304,0.39,3.4,1,0.87,NaN,Urgent Rehabilitation
53,58,53,59,NaN,38,22.2,0.21,-154,0.17,3.9,14,0.82,58,Scheduled Rehabilitation
83,82,35,69,19.2,27,23.1,0.10,-170,0.25,0.7,1,1.00,41,Scheduled Rehabilitation
68,60,54,64,27.4,38,18.6,0.27,-127,NaN,2.7,11,NaN,NaN,Scheduled Rehabilitation
36,25,16,69,28.2,35,11.1,0.02,-104,0.15,0.0,0,0.78,39,Routine Monitoring
56,49,80,78,23.1,34,NaN,NaN,-333,0.44,2.1,52,0.71,38,Urgent Rehabilitation
80,67,22,78,26.4,14,NaN,NaN,-174,NaN,0.0,0,0.89,75,Scheduled Rehabilitation
25,45,12,72,32.9,29,10.9,0.19,NaN,0.09,4.3,0,0.67,46,Routine Monitoring
51,57,78,47,25.4,30,23.6,0.49,-313,0.24,3.5,23,0.84,40,Urgent Rehabilitation
20,25,38,NaN,31.3,32,11.0,0.02,-91,0.02,NaN,0,0.54,24,Routine Monitoring
53,58,44,57,31.9,25,17.8,0.17,-123,0.12,0.9,0,0.86,61,Preventive Maintenance
99,70,78,72,23.2,21,20.7,0.94,-356,0.83,11.5,19,0.93,89,Immediate Stabilization
78,67,88,37,19.7,30,25.1,0.72,-371,0.18,2.7,31,0.82,75,Urgent Rehabilitation
42,46,46,51,26.3,24,20.8,0.22,-197,0.02,1.7,2,0.86,43,Scheduled Rehabilitation
73,75,46,NaN,NaN,30,19.9,0.31,-229,0.03,0.0,0,0.77,66,Scheduled Rehabilitation
67,73,16,70,29.9,31,8.5,0.02,-111,0.24,2.1,0,NaN,52,Preventive Maintenance
33,28,77,NaN,34.6,35,15.6,0.47,-232,0.02,0.0,22,NaN,43,Preventive Maintenance
31,44,47,75,29.8,38,16.6,0.14,-104,0.02,1.5,6,0.67,28,Preventive Maintenance
38,42,60,55,23.1,34,18.9,0.14,-124,0.28,0.0,NaN,0.87,12,Preventive Maintenance
56,58,53,66,28.6,33,23.5,0.36,-268,0.29,1.8,16,0.74,52,Scheduled Rehabilitation
49,51,53,76,26.9,36,11.6,0.26,-148,0.36,2.7,9,0.89,35,Scheduled Rehabilitation
58,52,70,49,29.2,34,14.7,0.53,-276,0.12,0.0,15,0.69,62,Scheduled Rehabilitation
49,63,79,65,27.9,38,14.5,0.61,-281,0.34,2.3,35,0.88,43,Urgent Rehabilitation
44,28,88,67,30.1,40,9.9,0.79,-311,0.33,4.6,28,0.73,37,Scheduled Rehabilitation
60,54,76,42,NaN,30,16.3,0.53,-269,0.52,3.9,27,0.91,60,Urgent Rehabilitation
77,67,71,68,33.2,33,9.8,0.42,-291,0.05,0.7,21,0.75,51,Scheduled Rehabilitation
36,45,49,75,29.6,33,11.8,0.16,NaN,0.02,0.0,1,0.75,36,Routine Monitoring
105,81,NaN,86,21.9,28,28.4,0.22,-235,0.22,1.7,0,NaN,92,Urgent Rehabilitation
46,31,52,39,26.1,31,28.6,0.39,-262,0.02,0.0,13,0.95,36,Scheduled Rehabilitation
75,61,90,69,29.5,32,6.0,0.78,-302,0.27,4.4,20,0.79,60,Urgent Rehabilitation
77,72,72,72,28.2,24,18.9,0.55,-295,0.16,0.0,12,0.74,67,Scheduled Rehabilitation
36,27,90,56,24.8,40,13.9,0.45,-217,0.29,4.1,40,0.70,44,Scheduled Rehabilitation
66,93,29,59,24.9,24,NaN,0.16,-110,0.08,NaN,0,NaN,56,Preventive Maintenance
77,53,16,61,26.9,19,13.1,0.09,-116,0.27,0.6,0,NaN,67,Preventive Maintenance
67,81,62,NaN,27.8,31,21.1,0.37,-286,0.07,2.4,16,0.71,58,Scheduled Rehabilitation
41,67,32,68,27.9,35,8.3,0.06,-92,0.07,1.5,0,0.68,NaN,Routine Monitoring
103,75,47,63,18.1,29,25.7,0.42,-263,0.44,5.1,7,1.03,72,Immediate Stabilization
21,29,50,57,32.7,31,11.9,0.18,NaN,NaN,1.3,10,0.71,36,Routine Monitoring
57,52,84,66,27.2,38,8.9,NaN,-246,0.24,3.9,12,0.78,42,Scheduled Rehabilitation
60,50,20,68,31.6,26,7.4,0.10,NaN,0.18,0.0,0,0.81,59,Preventive Maintenance
78,55,25,47,24.3,25,13.8,0.08,-80,0.28,1.1,0,0.77,54,Preventive Maintenance
95,65,79,64,24.3,22,20.5,0.90,-355,0.89,13.1,13,1.24,71,Immediate Stabilization
53,52,63,50,29.4,31,NaN,0.62,-292,0.13,0.3,20,0.70,40,Scheduled Rehabilitation
77,43,10,52,23.3,21,14.4,NaN,-136,0.12,0.6,0,0.65,57,Preventive Maintenance
53,49,73,79,29.4,38,16.6,0.35,-148,0.21,1.3,14,0.82,55,Preventive Maintenance
24,20,NaN,78,34.0,37,8.6,NaN,-185,0.02,0.4,23,0.52,26,Preventive Maintenance
31,50,51,NaN,NaN,41,12.0,0.17,-182,0.22,2.9,8,0.65,31,Preventive Maintenance
100,91,78,40,24.4,33,25.3,0.94,-347,NaN,7.0,41,1.05,76,Immediate Stabilization
29,51,17,82,36.2,34,9.2,0.10,-89,NaN,0.0,0,0.66,22,Routine Monitoring
49,30,49,81,32.9,31,11.1,0.13,-129,0.03,2.4,4,NaN,21,Routine Monitoring
98,88,21,68,32.5,25,13.1,0.23,-169,0.09,1.0,2,0.84,76,Scheduled Rehabilitation
62,51,76,56,24.0,30,17.6,0.58,-275,0.23,2.4,21,0.73,35,Scheduled Rehabilitation
79,100,54,66,NaN,31,26.7,0.45,-282,0.20,0.1,15,0.71,59,Urgent Rehabilitation
69,63,31,75,26.3,26,15.0,0.16,NaN,0.05,0.0,0,0.77,59,Preventive Maintenance
52,47,71,46,24.9,33,22.7,0.45,-253,0.24,1.0,26,0.76,45,Scheduled Rehabilitation
71,77,18,64,30.4,24,NaN,0.25,NaN,0.11,0.0,0,0.86,62,Preventive Maintenance
64,58,67,41,33.8,22,17.9,0.45,NaN,0.19,1.5,29,0.73,64,Scheduled Rehabilitation
36,43,35,NaN,31.9,40,10.1,0.02,NaN,0.02,0.0,0,0.62,34,Routine Monitoring
29,37,37,95,36.4,29,10.9,0.09,-118,0.02,1.1,0,0.56,19,Routine Monitoring
55,46,35,NaN,25.7,NaN,21.4,0.02,-108,0.02,0.0,2,0.75,50,Preventive Maintenance
83,63,43,61,25.7,24,26.8,0.41,NaN,NaN,2.8,0,0.89,70,Urgent Rehabilitation
43,36,62,56,32.4,29,NaN,0.34,-229,0.08,0.0,23,0.66,50,Preventive Maintenance
53,NaN,78,61,25.0,40,18.1,0.72,NaN,0.37,0.8,13,0.73,49,Scheduled Rehabilitation
57,52,18,NaN,29.5,39,16.0,0.02,-103,0.02,0.0,0,0.76,38,Routine Monitoring
71,62,43,77,21.8,29,NaN,0.19,-161,0.19,0.0,0,0.88,62,Scheduled Rehabilitation
45,41,19,76,36.0,33,4.5,0.02,-94,0.02,1.5,0,0.66,41,Routine Monitoring
63,62,15,NaN,29.3,32,9.4,0.07,-124,0.29,1.0,0,0.84,57,Preventive Maintenance
80,61,17,71,25.9,23,10.7,0.02,-121,NaN,0.0,0,0.87,77,Preventive Maintenance
78,70,71,39,22.7,24,23.9,0.61,-391,0.59,6.8,21,1.00,NaN,Immediate Stabilization
108,94,33,74,23.4,17,22.0,0.14,-239,0.43,0.0,0,0.87,47,Urgent Rehabilitation
NaN,82,67,45,33.4,NaN,20.1,0.38,-227,0.19,0.0,22,0.84,59,Scheduled Rehabilitation
NaN,79,22,76,28.4,27,13.8,0.11,-121,0.08,1.9,0,0.70,53,Preventive Maintenance
83,71,89,54,29.8,21,10.7,0.96,-337,0.49,8.4,21,0.88,65,Urgent Rehabilitation
32,25,50,52,28.1,35,15.7,NaN,-158,0.11,0.0,28,0.57,21,Routine Monitoring
66,65,41,68,27.8,34,NaN,0.13,-182,0.13,0.1,0,0.68,33,Preventive Maintenance
84,75,67,NaN,NaN,23,28.6,0.46,-334,0.41,6.8,29,0.98,77,Immediate Stabilization
NaN,100,50,80,20.7,23,23.9,0.31,NaN,NaN,1.3,0,0.78,70,Urgent Rehabilitation
60,62,16,NaN,26.8,27,14.9,0.13,-150,0.22,0.0,NaN,0.72,19,Routine Monitoring
49,48,39,64,32.5,30,16.3,0.09,NaN,0.25,NaN,9,0.73,40,Preventive Maintenance
42,37,39,66,26.2,40,17.7,0.03,-112,0.26,0.0,0,0.75,35,Routine Monitoring
57,NaN,90,27,24.1,38,18.9,0.77,-260,0.44,3.7,30,0.92,NaN,Urgent Rehabilitation
52,47,54,59,28.4,32,24.5,0.30,-213,0.19,0.0,17,0.72,19,Preventive Maintenance
94,89,70,84,20.8,29,18.8,0.53,-296,0.68,7.3,0,0.99,87,Immediate Stabilization
42,35,75,85,33.4,33,11.2,0.42,-174,0.34,3.9,0,NaN,27,Preventive Maintenance
73,NaN,NaN,69,30.4,34,14.4,0.45,-233,0.27,2.5,16,0.76,46,Scheduled Rehabilitation
80,64,79,50,29.8,NaN,22.5,0.62,-241,0.30,NaN,26,0.91,NaN,Urgent Rehabilitation
33,38,57,57,25.6,NaN,15.5,0.30,-144,0.26,2.4,24,0.82,35,Scheduled Rehabilitation
66,62,40,64,25.9,33,19.5,0.30,-189,NaN,NaN,12,0.76,35,Scheduled Rehabilitation
61,60,70,66,NaN,NaN,NaN,0.53,-249,0.14,1.8,2,0.81,66,Scheduled Rehabilitation
58,57,51,87,26.1,34,23.3,0.20,-127,0.18,0.0,0,0.69,30,Preventive Maintenance
93,64,76,79,31.7,30,19.2,0.53,-279,0.41,2.5,29,1.02,78,Urgent Rehabilitation
51,46,87,53,25.0,38,14.5,0.39,-250,0.43,0.0,37,NaN,49,Urgent Rehabilitation
57,47,49,63,27.1,30,18.0,0.24,-143,0.05,1.1,0,0.65,49,Routine Monitoring
58,26,68,54,23.6,NaN,21.9,0.48,-256,0.19,1.2,13,0.99,36,Urgent Rehabilitation
90,75,17,50,21.4,26,17.7,0.02,-111,0.14,0.0,0,0.79,56,Preventive Maintenance
97,87,48,59,22.5,15,29.7,0.41,-339,0.61,9.5,0,1.00,71,Immediate Stabilization
93,86,24,50,19.0,22,24.0,0.41,-278,0.28,1.9,NaN,0.83,58,Urgent Rehabilitation
73,54,42,NaN,32.6,27,NaN,0.03,-80,0.16,0.0,NaN,0.66,76,Preventive Maintenance
33,44,NaN,52,29.5,37,14.5,0.42,-229,0.19,NaN,17,0.73,5,Preventive Maintenance
48,36,45,46,24.4,34,14.7,0.13,-90,0.04,0.1,0,0.69,26,Preventive Maintenance
71,41,72,NaN,23.4,34,26.3,0.49,-259,NaN,3.2,26,1.08,69,Immediate Stabilization
41,28,81,42,28.6,34,11.2,0.30,-176,0.37,1.8,42,0.79,28,Scheduled Rehabilitation
32,36,32,65,29.8,26,15.0,0.02,-120,0.04,0.0,0,0.76,32,Routine Monitoring
47,33,NaN,68,28.7,31,13.8,0.67,NaN,0.05,1.1,6,0.60,48,Scheduled Rehabilitation
46,31,14,71,32.8,26,12.4,0.10,-113,0.22,1.3,0,0.50,28,Routine Monitoring
NaN,95,53,65,20.2,21,30.8,0.47,-365,0.62,6.4,2,1.20,78,Immediate Stabilization
59,38,65,56,22.3,NaN,26.9,NaN,-342,0.48,6.5,27,0.89,63,Immediate Stabilization
91,80,35,61,23.4,31,20.0,0.07,-139,0.15,1.0,10,0.93,80,Scheduled Rehabilitation
74,51,82,60,22.5,25,20.9,0.72,-294,0.39,6.3,12,0.91,38,Immediate Stabilization
96,100,NaN,59,25.3,30,23.9,0.54,-260,0.53,2.4,9,1.19,46,Immediate Stabilization
50,57,63,60,NaN,33,NaN,0.17,-159,0.02,0.0,15,0.61,41,Preventive Maintenance
79,70,13,75,22.2,21,10.9,0.03,-93,0.44,0.0,NaN,1.02,50,Scheduled Rehabilitation
42,62,69,59,33.6,39,17.4,0.43,-238,0.02,1.3,15,0.71,47,Preventive Maintenance
35,31,32,82,29.4,33,4.4,0.18,-123,0.08,0.0,NaN,0.81,37,Routine Monitoring
51,NaN,81,46,27.3,26,13.5,0.61,-264,0.19,3.1,11,0.65,44,Scheduled Rehabilitation
36,48,22,67,34.2,39,NaN,0.02,-108,0.02,0.2,0,0.58,27,Routine Monitoring
NaN,51,NaN,NaN,27.9,27,17.7,0.11,-111,0.19,1.4,NaN,0.88,33,Preventive Maintenance
79,79,83,50,26.1,NaN,13.4,0.72,-307,0.60,4.4,40,0.84,58,Urgent Rehabilitation
83,74,85,24,29.3,33,16.0,0.81,-311,0.60,7.7,46,0.77,79,Immediate Stabilization
48,63,25,69,33.0,31,9.5,0.04,NaN,0.02,0.0,0,0.64,47,Routine Monitoring
74,60,83,54,27.7,24,16.2,0.76,-301,0.58,6.5,25,0.92,61,Immediate Stabilization
100,93,15,69,17.9,23,20.1,0.02,-161,0.36,0.8,0,1.04,83,Urgent Rehabilitation
102,68,24,50,26.9,22,14.5,0.02,-112,0.30,0.0,NaN,0.68,72,Preventive Maintenance
NaN,56,41,63,27.7,31,18.7,0.17,-142,0.18,1.3,0,0.78,58,Preventive Maintenance
72,73,49,80,29.2,28,19.8,0.32,-182,0.24,0.2,0,0.85,52,Scheduled Rehabilitation
66,81,35,77,22.4,27,13.6,0.22,-160,0.28,0.9,0,0.90,54,Scheduled Rehabilitation
67,80,47,65,27.6,29,16.3,NaN,-178,0.23,0.0,3,0.77,41,Preventive Maintenance
107,74,NaN,51,20.2,26,31.6,0.55,-403,0.66,9.6,17,1.15,84,Immediate Stabilization
26,28,80,73,27.5,49,12.7,0.42,-176,0.18,0.0,14,0.63,36,Preventive Maintenance
NaN,26,42,54,26.4,29,25.0,0.05,-190,0.20,1.6,8,0.75,17,Preventive Maintenance
74,86,NaN,68,NaN,26,26.8,0.34,-291,0.44,3.4,18,0.76,NaN,Urgent Rehabilitation
35,36,74,63,30.2,36,10.4,0.53,-250,0.08,1.1,NaN,0.75,NaN,Preventive Maintenance
NaN,58,61,48,27.6,30,21.5,0.49,-213,0.17,0.0,14,0.63,61,Scheduled Rehabilitation
40,24,23,53,32.4,32,15.2,0.04,-127,0.05,0.0,9,0.58,46,Routine Monitoring
73,64,54,55,32.1,28,21.5,0.28,-173,0.12,0.1,9,0.72,70,Scheduled Rehabilitation
NaN,65,48,39,19.8,18,26.9,NaN,-330,0.66,6.4,28,1.26,65,Immediate Stabilization
55,NaN,56,67,27.8,24,13.0,NaN,-150,0.06,0.0,0,0.66,52,Preventive Maintenance
80,38,38,54,22.9,27,25.7,0.14,NaN,0.37,0.0,5,0.91,57,Scheduled Rehabilitation
94,73,70,51,27.4,22,26.3,0.29,-283,0.47,2.2,29,0.79,79,Urgent Rehabilitation
69,69,29,59,23.1,22,20.1,0.45,-229,0.20,1.1,0,0.82,71,Urgent Rehabilitation
79,74,66,NaN,23.9,39,24.6,NaN,-227,0.12,0.0,12,0.75,NaN,Scheduled Rehabilitation
85,80,26,54,23.1,24,26.7,0.15,NaN,0.16,0.0,12,0.68,72,Scheduled Rehabilitation
39,32,22,68,31.4,33,6.7,0.02,-139,0.02,0.8,0,NaN,50,Routine Monitoring
60,66,20,74,28.2,28,12.5,0.13,-140,0.02,0.0,0,0.75,57,Preventive Maintenance
64,56,22,73,24.9,26,9.6,0.04,-114,0.14,0.0,0,0.79,40,Preventive Maintenance
102,75,40,48,25.2,25,21.9,0.21,-181,0.35,0.0,22,0.85,82,Scheduled Rehabilitation
NaN,67,86,35,32.1,36,12.3,0.47,-242,0.24,0.0,NaN,0.77,NaN,Scheduled Rehabilitation
44,NaN,51,64,29.1,35,NaN,0.12,-155,0.41,1.3,20,0.91,NaN,Preventive Maintenance
38,28,44,57,33.0,29,26.4,0.24,-223,0.21,1.4,1,0.75,45,Preventive Maintenance
76,52,74,49,29.2,22,15.6,0.59,-284,0.29,1.7,19,0.84,56,Urgent Rehabilitation
76,70,77,53,22.9,30,25.6,0.51,-331,0.43,3.3,31,1.00,48,Immediate Stabilization
68,83,22,NaN,25.9,27,14.4,0.09,-99,0.26,NaN,0,0.79,42,Preventive Maintenance
87,70,17,74,19.0,27,21.3,0.02,-130,0.33,0.3,0,1.05,66,Urgent Rehabilitation
71,61,35,77,26.1,21,17.0,0.16,NaN,NaN,2.8,0,0.77,49,Scheduled Rehabilitation
59,NaN,20,78,25.9,30,16.6,0.15,NaN,0.22,0.1,0,0.78,50,Preventive Maintenance
62,51,40,87,26.5,28,25.4,0.02,-143,0.18,0.0,0,0.74,58,Preventive Maintenance
69,65,36,NaN,18.4,19,22.1,0.22,-250,0.29,3.2,NaN,1.02,54,Urgent Rehabilitation
101,68,46,60,18.4,26,23.8,0.28,-231,0.60,3.0,NaN,1.10,83,Immediate Stabilization
29,49,25,59,28.5,28,9.1,0.02,-106,0.12,0.0,6,0.66,12,Routine Monitoring
75,56,44,48,20.1,30,20.6,0.08,-131,0.10,0.0,NaN,0.70,70,Preventive Maintenance
67,59,35,59,21.2,NaN,24.2,0.21,-170,0.37,1.5,NaN,0.90,30,Scheduled Rehabilitation
69,64,75,67,25.3,40,15.5,0.54,-239,0.38,0.7,28,0.89,32,Scheduled Rehabilitation
36,21,65,62,26.6,39,16.3,0.62,NaN,0.08,1.1,20,0.73,36,Scheduled Rehabilitation
44,56,26,58,27.9,32,12.6,0.02,-160,0.14,NaN,13,0.78,19,Preventive Maintenance
48,50,NaN,65,28.6,18,17.4,0.03,-196,0.06,1.0,0,0.60,48,Preventive Maintenance
32,44,53,NaN,38.3,38,NaN,0.14,-89,0.14,0.7,0,0.66,30,Routine Monitoring
NaN,34,26,76,30.4,33,9.4,0.04,-116,0.10,3.6,0,0.67,40,Preventive Maintenance
31,NaN,30,85,25.5,38,12.3,NaN,-122,NaN,0.0,0,0.77,13,Routine Monitoring
93,93,50,59,21.3,31,27.6,0.36,-246,0.46,3.0,24,0.85,68,Urgent Rehabilitation
73,70,NaN,62,23.8,30,21.5,0.25,-180,0.37,0.0,3,0.85,72,Scheduled Rehabilitation
73,64,32,45,18.4,30,32.7,0.07,-238,0.26,0.0,NaN,1.00,58,Urgent Rehabilitation
29,38,46,62,32.1,34,21.9,0.17,-109,0.16,0.0,9,0.68,38,Routine Monitoring
83,90,NaN,70,22.8,15,NaN,0.09,NaN,0.14,1.9,0,0.83,55,Preventive Maintenance
100,89,58,62,24.9,20,29.0,0.46,-335,0.56,5.9,12,1.16,69,Immediate Stabilization
39,25,81,64,23.2,34,15.8,0.31,-203,0.02,0.0,10,0.75,42,Preventive Maintenance
45,59,83,54,29.3,29,19.4,0.52,-250,0.29,2.3,17,0.72,38,Scheduled Rehabilitation
NaN,48,22,90,35.1,35,2.5,NaN,-80,0.06,NaN,0,0.65,39,Routine Monitoring
83,68,70,82,21.0,35,23.2,0.65,-253,0.30,0.5,11,1.10,NaN,Immediate Stabilization
27,NaN,41,80,36.5,39,5.5,0.05,-167,NaN,1.1,2,0.56,28,Routine Monitoring
47,70,31,68,27.9,31,7.2,0.05,-120,NaN,0.9,0,0.75,34,Preventive Maintenance
47,25,21,71,24.8,31,11.2,0.14,-134,0.02,0.0,0,0.71,30,Routine Monitoring
30,36,59,59,32.7,32,14.9,0.33,-208,0.23,1.2,23,NaN,50,Preventive Maintenance
38,20,24,54,26.3,24,16.8,0.21,-162,0.12,0.7,0,0.74,43,Preventive Maintenance
80,72,42,51,27.1,24,23.2,0.25,-277,0.51,2.3,21,0.93,NaN,Urgent Rehabilitation
76,61,68,77,25.4,17,18.6,0.58,-358,0.35,6.5,6,0.88,51,Immediate Stabilization
35,32,42,65,23.9,33,23.1,0.04,-146,0.04,2.3,4,0.75,NaN,Preventive Maintenance
37,43,39,90,29.2,34,18.1,0.18,-160,0.02,0.0,0,0.62,36,Routine Monitoring
32,44,59,69,31.2,42,12.8,0.24,-171,0.02,0.5,0,0.62,30,Routine Monitoring
65,58,51,51,28.9,30,21.8,0.27,-170,0.34,0.0,0,0.90,58,Scheduled Rehabilitation
76,66,28,52,21.8,29,18.4,0.13,-136,0.12,0.0,4,0.81,61,Preventive Maintenance
59,56,NaN,43,30.3,34,16.7,NaN,-197,0.17,0.0,7,0.68,46,Preventive Maintenance
29,32,45,61,35.1,31,7.2,0.34,-165,0.17,0.0,15,0.74,44,Preventive Maintenance
92,94,53,26,24.6,26,26.7,0.48,-279,0.41,1.1,14,0.87,73,Urgent Rehabilitation
102,67,54,54,25.0,24,28.2,0.48,-340,0.57,8.5,19,1.00,NaN,Immediate Stabilization
105,80,49,57,27.8,21,NaN,0.28,-305,0.59,1.8,NaN,1.00,70,Immediate Stabilization
82,78,27,95,24.7,24,13.6,0.06,-104,0.30,0.3,0,0.97,66,Preventive Maintenance
40,47,95,58,NaN,42,8.9,NaN,-292,0.04,0.0,17,0.69,55,Scheduled Rehabilitation
55,37,72,53,33.5,41,16.1,0.51,-245,0.12,0.0,45,0.68,40,Scheduled Rehabilitation
30,35,42,73,34.8,26,20.6,0.24,-173,0.03,NaN,0,0.56,NaN,Routine Monitoring
40,59,NaN,83,29.3,28,10.2,0.18,-119,0.13,0.5,12,0.59,39,Routine Monitoring
49,45,71,81,34.0,38,23.4,0.32,-194,0.11,0.8,0,0.77,42,Preventive Maintenance
97,80,25,44,17.8,17,34.3,0.06,-267,0.53,8.7,4,1.09,71,Immediate Stabilization
54,45,39,79,NaN,25,11.6,0.11,-98,0.02,0.8,0,0.66,NaN,Routine Monitoring
39,46,51,59,23.1,34,23.8,0.09,-145,0.02,0.3,NaN,0.82,40,Preventive Maintenance
NaN,21,64,42,33.9,34,18.6,NaN,-214,0.38,1.7,22,0.82,60,Scheduled Rehabilitation
72,NaN,69,50,27.4,27,22.7,0.55,-318,0.29,3.3,28,0.74,64,Urgent Rehabilitation
60,69,74,41,23.1,36,25.2,0.60,-301,0.35,NaN,24,NaN,NaN,Urgent Rehabilitation
62,35,63,64,27.4,28,22.2,0.37,NaN,0.02,0.0,5,0.65,35,Scheduled Rehabilitation
NaN,85,18,64,19.8,23,21.5,0.02,-242,NaN,0.0,0,0.76,72,Scheduled Rehabilitation
98,86,64,63,29.2,31,NaN,NaN,-273,NaN,3.4,16,NaN,74,Urgent Rehabilitation
33,35,NaN,46,24.5,34,10.9,0.26,NaN,0.10,1.3,0,0.81,54,Preventive Maintenance
97,69,49,64,28.1,26,29.4,0.23,-305,0.58,6.3,10,1.05,71,Immediate Stabilization
27,20,76,NaN,NaN,42,10.5,0.43,-230,0.08,2.7,29,0.62,18,Preventive Maintenance
48,NaN,19,82,27.9,33,11.0,0.04,-109,0.19,0.0,0,0.67,NaN,Preventive Maintenance
91,66,95,52,21.5,25,22.2,1.09,-354,0.97,16.4,25,1.07,63,Immediate Stabilization
41,41,20,69,26.2,32,NaN,0.03,-80,0.11,1.7,0,0.62,20,Routine Monitoring
81,54,37,58,26.8,25,26.3,0.17,-174,0.34,4.1,0,0.97,63,Urgent Rehabilitation
44,NaN,41,67,31.6,27,8.7,0.17,-110,0.05,0.2,1,0.72,48,Preventive Maintenance
NaN,79,95,60,23.2,28,NaN,0.79,-299,0.36,3.2,12,0.97,59,Urgent Rehabilitation
107,NaN,57,59,NaN,28,28.5,0.44,-299,0.44,2.0,11,1.07,71,Immediate Stabilization
103,90,NaN,88,NaN,20,16.7,0.21,-194,0.25,0.5,0,0.87,61,Scheduled Rehabilitation
70,60,71,63,23.3,29,26.5,NaN,-312,0.46,4.1,6,0.87,50,Urgent Rehabilitation
58,51,95,52,28.1,31,11.2,0.74,-310,0.30,3.7,35,0.89,48,Urgent Rehabilitation
NaN,56,54,84,30.7,33,14.4,0.35,-167,0.13,0.0,0,0.76,71,Preventive Maintenance
96,74,32,60,19.2,24,21.5,0.17,-171,0.31,0.3,0,0.99,75,Urgent Rehabilitation
80,73,24,65,21.5,NaN,21.7,0.07,-209,0.23,NaN,2,0.90,58,Scheduled Rehabilitation
99,85,73,71,22.2,33,25.5,0.66,-266,0.34,1.8,4,0.87,71,Urgent Rehabilitation
53,NaN,65,59,34.5,29,20.0,0.18,-161,0.11,1.7,12,0.72,39,Preventive Maintenance
61,48,42,59,23.0,28,28.8,0.19,-213,NaN,0.2,10,0.70,59,Scheduled Rehabilitation
63,56,18,89,21.2,24,17.2,0.19,-151,0.12,0.0,0,0.74,53,Preventive Maintenance
NaN,82,29,54,18.9,32,27.8,0.13,-141,0.27,0.0,0,1.14,78,Scheduled Rehabilitation
76,57,38,45,16.9,25,NaN,0.02,-232,0.23,0.1,7,0.83,38,Scheduled Rehabilitation
78,76,19,71,31.3,28,10.3,0.05,-105,0.16,0.0,0,0.74,55,Preventive Maintenance
64,49,49,59,23.0,18,NaN,0.34,-297,0.16,1.1,10,1.04,54,Urgent Rehabilitation
62,63,54,49,24.5,37,20.9,0.34,-184,0.06,0.0,23,0.73,NaN,Preventive Maintenance
20,42,59,84,33.4,35,6.4,0.21,-127,NaN,0.0,NaN,0.57,33,Routine Monitoring
107,NaN,45,70,26.0,21,28.2,0.26,-283,0.35,2.6,0,NaN,62,Immediate Stabilization
76,86,36,59,28.5,19,15.0,NaN,-153,0.09,0.8,14,0.69,54,Preventive Maintenance
58,38,NaN,NaN,23.3,29,22.0,0.02,-165,0.18,0.0,0,0.67,73,Preventive Maintenance
33,35,51,38,28.2,37,21.9,0.13,-151,0.02,0.0,9,0.63,37,Preventive Maintenance
36,54,40,NaN,30.6,42,NaN,0.02,-96,0.02,1.6,0,0.65,NaN,Routine Monitoring
79,60,NaN,74,27.3,37,NaN,0.58,-237,0.37,2.7,6,0.99,73,Urgent Rehabilitation
20,24,84,NaN,35.7,47,10.5,NaN,NaN,0.08,2.8,17,0.61,15,Preventive Maintenance
55,55,54,53,29.4,28,NaN,0.19,-126,0.21,0.0,18,0.71,29,Preventive Maintenance
81,76,73,54,29.9,29,22.3,0.55,-291,0.21,3.5,28,0.63,57,Urgent Rehabilitation
59,54,50,36,29.0,33,21.2,0.22,-166,0.05,1.2,25,0.75,48,Preventive Maintenance
58,37,78,49,20.1,34,NaN,0.46,-302,0.14,0.0,27,0.83,19,Scheduled Rehabilitation
73,70,22,84,21.3,NaN,14.1,0.02,-125,NaN,0.0,0,0.78,55,Preventive Maintenance
33,35,51,63,26.5,33,15.2,0.24,-145,0.19,NaN,1,0.82,47,Preventive Maintenance
107,69,85,29,24.9,34,23.1,1.18,-342,1.30,19.8,40,1.17,NaN,Immediate Stabilization
27,24,69,52,41.3,34,NaN,0.37,-220,0.15,1.5,20,0.57,12,Preventive Maintenance
62,50,27,35,21.9,30,NaN,0.15,-142,0.05,0.0,3,0.87,51,Preventive Maintenance
NaN,48,72,59,36.5,34,11.2,0.35,NaN,0.16,NaN,6,0.71,24,Preventive Maintenance
78,78,47,51,20.8,29,24.4,0.21,NaN,0.27,0.7,4,1.06,59,Urgent Rehabilitation
55,57,NaN,68,27.5,33,NaN,0.02,-150,0.16,0.0,0,0.92,47,Preventive Maintenance
65,59,54,57,26.4,27,21.9,0.36,-265,0.09,0.8,13,0.79,47,Scheduled Rehabilitation
42,48,58,28,25.9,NaN,NaN,0.27,NaN,0.22,0.0,5,0.74,52,Preventive Maintenance
65,46,NaN,53,26.0,32,20.7,0.59,-262,NaN,0.4,21,0.76,61,Scheduled Rehabilitation
35,22,NaN,68,40.2,29,12.1,0.08,-125,0.16,1.0,0,0.60,26,Routine Monitoring
58,49,68,NaN,24.3,33,19.4,0.41,-254,0.22,2.7,18,0.73,77,Scheduled Rehabilitation
86,48,28,72,25.0,31,20.0,0.15,-167,0.23,0.0,0,0.89,63,Scheduled Rehabilitation
70,67,41,65,31.1,32,16.2,0.19,-123,0.35,0.0,17,0.86,NaN,Scheduled Rehabilitation
57,66,37,62,32.5,28,19.0,0.18,-184,0.10,0.0,18,0.64,36,Preventive Maintenance
72,74,17,71,28.7,21,12.6,0.03,-140,0.35,0.6,0,0.66,78,Preventive Maintenance
63,63,41,85,30.5,29,20.3,0.08,-124,0.11,0.0,0,0.63,53,Preventive Maintenance
24,24,43,55,31.5,34,13.8,0.17,-115,0.15,0.0,0,0.65,17,Routine Monitoring
NaN,46,20,71,30.0,30,13.7,0.03,-101,0.06,0.0,0,0.80,34,Routine Monitoring
76,47,30,63,30.1,24,19.6,0.36,-191,0.09,0.9,0,0.72,61,Preventive Maintenance
NaN,77,39,64,21.3,32,23.1,0.09,-109,0.14,1.7,0,0.95,61,Scheduled Rehabilitation
50,38,17,92,34.4,36,8.6,0.02,-80,0.13,0.4,0,0.79,38,Routine Monitoring
52,NaN,15,72,26.7,30,11.0,0.06,-107,0.02,0.5,0,0.81,56,Preventive Maintenance
69,73,40,77,29.4,14,20.6,0.21,-255,0.32,3.4,0,0.76,46,Scheduled Rehabilitation
53,82,74,72,37.2,29,13.2,0.36,-228,0.40,0.0,21,0.53,49,Preventive Maintenance
78,65,71,49,25.4,37,27.5,0.54,-300,NaN,2.5,9,0.85,53,Urgent Rehabilitation
83,NaN,28,61,23.2,23,21.7,0.02,-123,0.27,0.0,1,0.92,61,Scheduled Rehabilitation
49,NaN,73,73,32.0,28,19.4,0.38,-163,0.03,1.5,10,0.58,55,Preventive Maintenance
70,57,17,64,19.5,29,16.7,0.06,-151,0.16,0.0,0,0.80,62,Preventive Maintenance
43,24,16,71,32.7,33,5.8,0.02,-152,0.02,0.0,0,0.66,21,Routine Monitoring
32,54,40,52,34.4,37,4.3,0.11,-86,0.23,2.5,1,0.62,NaN,Routine Monitoring
59,51,13,71,25.9,24,13.5,0.04,-116,0.14,0.9,0,NaN,50,Preventive Maintenance
102,91,81,44,19.3,26,23.5,0.87,-353,0.80,8.5,25,1.15,63,Immediate Stabilization
23,20,10,95,27.3,37,2.3,0.06,-85,0.03,0.0,0,0.83,29,Routine Monitoring
48,30,NaN,48,31.7,27,14.4,0.02,-155,0.16,0.0,7,0.74,32,Routine Monitoring
101,95,32,32,14.0,18,30.5,0.07,-291,0.85,7.6,0,1.34,68,Immediate Stabilization
29,36,51,NaN,30.4,42,15.4,0.08,-173,0.02,0.3,11,0.77,30,Preventive Maintenance
60,40,12,89,25.1,25,10.5,NaN,-156,0.08,0.5,0,0.78,51,Preventive Maintenance
39,24,71,79,27.8,39,13.4,NaN,-170,0.02,0.0,17,0.61,36,Preventive Maintenance
22,35,51,53,37.9,42,15.4,0.27,-135,0.02,0.6,1,0.63,28,Routine Monitoring
56,43,77,62,27.2,36,21.0,0.27,-178,0.25,6.2,16,0.72,47,Scheduled Rehabilitation
26,38,40,69,36.0,32,12.4,0.13,-121,0.02,0.4,0,0.56,NaN,Routine Monitoring
28,25,70,54,27.0,40,14.6,NaN,-228,0.10,NaN,11,0.88,NaN,Preventive Maintenance
31,20,79,NaN,38.0,38,NaN,0.31,-185,0.23,1.9,28,0.63,20,Preventive Maintenance
53,33,54,79,31.0,26,16.6,0.38,-182,0.12,NaN,0,0.67,NaN,Preventive Maintenance
24,20,21,46,36.5,33,3.0,0.20,-125,0.25,0.0,4,0.61,34,Routine Monitoring
37,70,44,81,32.1,40,15.9,0.02,-125,0.05,0.5,18,0.61,7,Routine Monitoring
104,85,55,59,14.7,27,33.0,0.48,-344,0.41,3.6,NaN,1.12,84,Immediate Stabilization
102,73,40,60,23.3,27,21.7,0.16,-170,0.41,0.0,13,1.07,76,Urgent Rehabilitation
62,57,47,64,22.1,20,27.2,0.13,-268,NaN,3.0,11,0.73,65,Scheduled Rehabilitation
60,54,80,49,29.4,33,19.3,0.49,-232,0.04,0.1,NaN,0.63,74,Scheduled Rehabilitation
30,68,35,70,27.8,37,11.3,NaN,NaN,NaN,0.0,0,0.76,29,Preventive Maintenance
41,43,91,68,27.6,37,14.5,NaN,-281,0.36,3.2,29,0.73,36,Scheduled Rehabilitation
72,68,80,46,28.1,32,23.7,0.71,-325,0.51,4.6,28,0.79,66,Urgent Rehabilitation
77,59,10,83,22.5,20,5.2,0.24,-126,0.11,0.0,0,0.87,50,Scheduled Rehabilitation
82,71,53,81,27.0,28,15.3,0.21,-120,0.36,0.7,6,0.77,64,Preventive Maintenance
92,56,92,71,23.0,40,11.2,0.82,-292,0.65,7.3,29,0.89,68,Immediate Stabilization
87,56,NaN,65,24.4,19,14.8,NaN,-112,0.30,0.0,0,0.79,41,Preventive Maintenance
90,78,84,39,21.8,30,24.9,0.71,-315,NaN,5.1,NaN,0.89,71,Immediate Stabilization
79,78,16,69,23.2,23,19.1,0.14,-143,0.16,NaN,0,0.92,51,Scheduled Rehabilitation
105,92,85,42,20.6,24,28.8,0.89,-430,1.53,20.5,34,1.60,81,Immediate Stabilization
83,41,94,46,19.7,25,21.7,0.95,-315,0.59,10.3,40,0.98,66,Immediate Stabilization
48,48,19,72,28.7,28,14.4,0.02,-113,0.09,0.0,0,0.67,59,Routine Monitoring
104,87,82,67,27.8,29,18.2,0.72,-268,0.61,7.9,40,1.14,46,Immediate Stabilization
38,54,26,81,29.7,24,12.2,0.12,-113,0.02,0.0,NaN,0.67,28,Routine Monitoring
32,42,49,NaN,32.7,NaN,11.2,NaN,-203,0.02,NaN,9,0.64,45,Preventive Maintenance
58,54,55,55,25.4,32,15.6,0.22,-194,0.25,2.5,26,0.85,NaN,Scheduled Rehabilitation
52,30,17,NaN,28.2,28,15.7,0.20,-123,0.05,1.4,0,0.72,41,Routine Monitoring
56,50,81,64,27.7,32,14.7,NaN,-263,0.25,2.4,22,0.71,52,Scheduled Rehabilitation
61,56,NaN,70,23.9,28,8.5,0.02,-132,0.21,0.0,0,NaN,39,Routine Monitoring
82,73,63,57,25.1,25,23.4,0.33,-247,0.50,1.5,27,0.85,59,Urgent Rehabilitation
75,NaN,60,87,NaN,32,25.9,0.53,-250,0.33,1.6,1,0.94,NaN,Urgent Rehabilitation
72,48,51,48,24.0,28,18.0,0.22,-185,0.37,0.0,NaN,0.89,NaN,Scheduled Rehabilitation
23,38,79,60,29.5,35,14.2,0.46,-196,0.18,0.0,0,0.77,28,Preventive Maintenance
76,70,NaN,61,20.5,38,NaN,0.08,-137,0.27,0.0,0,0.91,52,Scheduled Rehabilitation
98,71,53,46,27.0,26,24.3,NaN,-257,0.38,1.5,20,0.82,NaN,Urgent Rehabilitation
79,77,90,36,21.6,33,27.4,0.77,-339,0.31,4.4,30,0.75,56,Urgent Rehabilitation
50,49,NaN,61,NaN,35,8.3,0.62,-246,0.37,1.2,23,0.73,54,Scheduled Rehabilitation
34,36,72,66,32.8,37,16.4,0.27,-171,0.02,0.2,0,0.66,42,Preventive Maintenance
NaN,30,81,NaN,32.3,31,14.4,0.44,-235,0.09,0.0,35,0.61,33,Preventive Maintenance
85,67,73,70,30.4,27,22.2,0.69,-320,0.35,4.7,20,NaN,55,Urgent Rehabilitation
74,49,21,49,21.3,25,17.0,0.23,-185,0.09,0.0,0,0.82,56,Preventive Maintenance
45,53,30,86,30.3,28,8.4,0.21,-113,0.15,3.0,0,0.68,41,Preventive Maintenance
40,56,81,77,32.8,NaN,14.2,NaN,-259,0.25,NaN,33,0.64,25,Scheduled Rehabilitation
98,87,25,52,28.5,25,19.1,0.23,-160,0.08,2.1,NaN,NaN,57,Scheduled Rehabilitation
88,NaN,40,61,26.5,24,25.3,0.45,NaN,0.37,4.1,11,0.77,73,Urgent Rehabilitation
41,35,49,74,29.6,34,16.1,0.03,NaN,0.12,1.0,4,NaN,32,Routine Monitoring
55,36,51,65,NaN,36,20.1,0.03,-106,0.05,0.0,13,0.72,68,Preventive Maintenance
30,27,92,60,35.3,33,NaN,0.43,-174,0.13,0.5,22,0.52,45,Preventive Maintenance
41,37,86,68,29.8,37,12.3,0.53,NaN,NaN,0.7,23,NaN,35,Scheduled Rehabilitation
60,57,91,26,23.8,35,22.1,0.79,-337,0.51,4.6,50,0.76,43,Urgent Rehabilitation
67,58,82,80,33.1,39,19.7,0.79,-331,0.33,6.8,29,0.75,51,Urgent Rehabilitation
NaN,80,27,69,26.2,20,19.8,0.28,-218,0.35,1.7,0,0.92,NaN,Urgent Rehabilitation
56,43,46,67,NaN,33,18.7,0.11,-103,0.16,NaN,NaN,0.91,NaN,Preventive Maintenance
69,58,57,61,24.9,24,25.2,0.21,-250,0.15,0.0,10,0.92,28,Urgent Rehabilitation
35,36,26,75,33.9,27,17.0,0.02,-117,0.16,0.0,0,0.67,30,Routine Monitoring
68,51,20,70,27.5,25,10.6,0.02,-111,0.29,0.3,0,0.90,39,Preventive Maintenance
55,53,20,69,30.4,28,7.8,0.02,-87,0.02,0.0,0,0.69,35,Routine Monitoring
53,71,41,95,30.6,28,17.1,0.15,-145,NaN,2.0,0,0.72,50,Preventive Maintenance
46,NaN,58,68,32.6,31,16.5,0.17,-142,0.07,0.0,3,0.83,37,Preventive Maintenance
53,50,44,70,30.0,29,22.0,0.04,-108,0.20,2.6,0,0.75,32,Preventive Maintenance
30,35,86,NaN,35.7,44,18.0,0.45,-252,0.02,0.0,20,0.69,25,Preventive Maintenance
84,89,46,41,24.4,30,30.9,0.32,-284,0.51,2.1,20,1.13,56,Immediate Stabilization
42,35,54,49,26.7,39,18.7,0.22,-153,NaN,0.8,NaN,NaN,38,Preventive Maintenance
56,63,51,74,NaN,32,11.0,0.20,NaN,0.10,0.6,0,0.70,32,Routine Monitoring
41,39,27,61,NaN,33,13.9,0.02,-80,0.10,1.7,0,0.78,29,Preventive Maintenance
72,63,37,57,26.1,NaN,23.2,0.08,-148,NaN,1.8,0,0.89,51,Scheduled Rehabilitation
48,39,55,69,34.3,31,17.0,0.29,-184,0.29,1.2,0,0.60,44,Preventive Maintenance
30,22,54,NaN,29.5,36,15.9,0.03,-113,0.30,NaN,9,NaN,NaN,Preventive Maintenance
