Occupancy_Type,Foundation_Type,Peak_Inundation_Depth_above_Grade_m,Flood_Duration_hr,Flow_Velocity_m_per_s,First_Floor_Elevation_above_Grade_m,Dry_Floodproofing_Height_above_Grade_m,Number_of_Stories,Gross_Floor_Area_m2,Building_Age_yr,Structural_Condition_Index,Utility_Elevation_above_First_Floor_m,Flood_Damage_Resistant_Materials_Share_pct,Repair_Cost_Ratio_pct
Retail,Slab-on-grade,2.53,106.2,1.34,0.38,1.22,2,1783.8,30.7,79.5,0.18,31.9,53.0
Warehouse,Slab-on-grade,1.02,53.1,0.26,0.37,1.29,2,11100.3,2.6,96.2,0.82,73.7,2.74
Healthcare,Raised slab,4.48,189.5,2.15,0.32,1.3,2,18360.2,30.3,88.9,1.96,49.4,100.0
School,Pile/Pier,NaN,135.6,1.53,1.56,NaN,3,12683.6,42.4,73.2,1.38,53.0,42.6
Office,Raised slab,2.32,100.8,1.07,0.73,0.97,7,9742.6,48.1,51.9,0.88,50.6,29.0
Office,Basement,1.68,78.3,0.97,0.08,NaN,5,4445.1,57.5,69.3,1.06,53.6,21.55
Office,Slab-on-grade,2.31,99.6,0.58,0.13,0.55,4,8325.5,53.0,61.6,NaN,30.8,54.14
Warehouse,Slab-on-grade,3.28,143.6,1.05,0.45,0.99,2,14553.0,31.3,70.9,0.83,87.5,50.3
School,Raised slab,2.13,49.6,1.46,0.68,1.8,2,4532.3,30.8,81.8,1.49,46.7,15.99
Healthcare,Pile/Pier,2.17,94.8,0.85,1.85,0.31,NaN,18187.2,2.0,NaN,1.22,89.7,8.86
Office,Raised slab,1.8,77.7,0.6,0.58,NaN,3,3153.2,45.7,62.0,0.98,58.1,34.48
Warehouse,Raised slab,3.46,105.4,NaN,0.63,1.45,2,7052.6,27.3,71.9,1.66,56.5,51.72
Warehouse,Slab-on-grade,2.16,99.2,0.98,0.09,1.26,1,7994.9,NaN,82.4,0.8,48.9,30.54
Office,Slab-on-grade,2.86,120.2,1.45,0.38,1.79,4,8239.7,15.0,81.7,NaN,72.4,23.07
Office,Slab-on-grade,3.77,156.2,1.51,0.5,1.32,5,4675.5,18.5,85.6,1.36,54.8,41.02
Office,Raised slab,NaN,60.0,0.62,0.48,1.36,6,8284.5,57.0,63.7,1.66,NaN,5.89
Retail,Slab-on-grade,2.86,119.5,1.55,0.34,1.46,2,3454.5,27.4,84.9,1.47,73.5,54.29
School,Slab-on-grade,1.83,78.7,NaN,0.06,0.81,4,8961.7,43.6,83.9,0.88,32.3,32.0
Retail,Pile/Pier,3.27,75.0,1.64,1.69,0.0,3,3146.7,28.4,79.7,1.25,44.7,43.49
Retail,Slab-on-grade,1.18,30.3,1.05,0.28,0.7,1,4687.7,NaN,71.5,NaN,31.2,31.72
School,Basement,3.58,86.7,2.51,0.39,0.0,2,NaN,48.0,79.6,0.88,17.7,100.0
Office,Raised slab,3.55,151.6,2.03,NaN,0.49,1,5030.8,28.7,84.1,1.06,48.5,100.0
Retail,Raised slab,1.34,67.1,0.65,0.37,1.44,1,5986.7,29.4,77.1,0.66,35.9,0.0
Retail,Raised slab,1.04,44.7,0.55,0.53,0.0,2,4322.9,21.1,80.7,0.96,51.8,18.05
Retail,Slab-on-grade,2.49,108.3,1.06,0.16,0.0,3,1222.4,21.5,79.5,0.72,55.7,57.51
Healthcare,Raised slab,0.8,NaN,NaN,0.67,1.35,8,34630.3,20.7,88.4,1.81,72.2,1.02
Office,Basement,3.28,77.3,NaN,0.26,0.96,2,3160.4,42.0,68.5,0.75,46.9,94.89
School,Pile/Pier,1.01,49.8,0.19,1.82,0.0,1,20693.2,23.9,74.3,1.31,57.1,1.35
School,Slab-on-grade,2.14,108.1,NaN,0.3,0.0,2,12197.4,53.3,64.5,0.99,39.6,73.13
Office,Slab-on-grade,3.32,140.6,1.2,0.5,1.63,4,4233.2,21.9,95.3,1.94,51.7,37.6
School,NaN,1.66,73.4,0.68,1.73,0.0,2,13261.2,28.8,75.4,2.0,81.7,2.05
Office,Raised slab,0.78,41.9,0.38,0.49,0.0,7,NaN,30.1,76.1,0.88,64.4,5.96
Office,Basement,2.9,68.2,1.97,0.5,0.0,7,3125.4,64.0,52.9,1.27,51.1,48.27
Warehouse,NaN,1.71,81.2,0.89,0.35,NaN,1,20419.3,27.1,88.2,1.26,77.0,26.63
Warehouse,Slab-on-grade,0.2,18.1,0.06,0.16,0.0,2,NaN,40.5,76.8,0.62,59.4,0.0
Warehouse,Raised slab,2.95,127.5,1.49,0.85,1.29,1,30167.6,2.0,86.5,1.67,83.1,39.51
Retail,Raised slab,2.07,88.5,0.68,0.81,0.14,2,3090.4,32.0,NaN,1.23,52.3,41.52
Office,Raised slab,2.13,92.5,0.86,0.76,1.35,3,11387.9,54.0,71.3,1.29,27.9,28.94
NaN,Raised slab,2.06,47.0,1.27,0.62,0.0,3,21865.4,26.2,75.2,2.09,NaN,36.36
Retail,Pile/Pier,3.59,161.1,1.72,1.57,0.18,3,6943.0,44.0,73.8,0.32,54.7,55.46
Office,Basement,2.04,100.6,0.83,0.32,0.0,3,3937.1,28.7,72.4,1.29,38.3,57.88
School,Slab-on-grade,NaN,57.9,1.29,0.31,0.0,3,13851.2,56.0,68.7,1.43,65.9,56.78
Office,NaN,3.76,85.8,2.0,0.45,0.56,3,1996.7,79.4,52.8,0.72,14.9,100.0
Warehouse,Pile/Pier,2.24,97.0,0.95,1.79,0.0,1,10210.4,NaN,82.9,1.41,82.6,12.36
Office,Basement,2.17,99.1,1.02,0.15,0.85,2,1962.4,30.0,69.4,0.23,45.5,67.34
Healthcare,Basement,2.99,126.4,1.4,0.59,0.74,5,13811.4,45.3,75.7,1.19,NaN,70.73
Retail,Slab-on-grade,1.95,94.2,NaN,0.27,0.57,2,1951.3,51.7,57.1,0.97,35.7,63.87
School,Pile/Pier,0.89,35.5,0.37,2.02,0.0,2,13898.7,23.1,91.4,1.48,71.0,0.0
School,Basement,3.84,159.8,0.89,0.33,0.61,3,10785.3,24.9,73.5,0.89,28.3,94.18
Office,Slab-on-grade,2.09,86.2,0.75,0.34,0.0,5,6715.1,32.9,78.9,1.25,66.9,38.43
Warehouse,Raised slab,2.74,127.8,1.48,0.76,1.8,2,11787.7,2.5,92.9,1.38,77.6,23.19
Healthcare,Raised slab,2.37,61.9,1.8,0.35,1.63,5,35000.0,12.1,93.4,2.28,89.0,13.88
Warehouse,Raised slab,1.4,67.0,0.36,0.49,0.12,2,13357.7,7.9,85.3,0.8,79.2,20.04
Warehouse,Slab-on-grade,3.57,167.1,1.4,0.39,NaN,1,NaN,11.7,89.0,1.47,74.6,55.75
School,Basement,1.57,40.2,1.18,0.0,0.75,2,7511.7,31.4,59.2,0.83,53.8,44.7
Warehouse,Pile/Pier,3.59,154.4,NaN,1.51,0.34,1,24951.2,NaN,72.8,1.03,64.1,58.64
Office,Basement,3.64,149.7,1.74,0.36,0.67,3,10118.4,65.9,51.9,0.76,58.8,100.0
Office,Pile/Pier,3.07,131.8,1.14,1.94,0.0,1,3645.3,20.0,83.1,1.25,44.0,40.2
Office,Pile/Pier,2.07,92.1,0.88,1.82,0.0,4,4263.9,55.7,72.5,1.07,43.9,7.4
NaN,Slab-on-grade,2.84,120.6,0.97,0.48,1.8,1,1058.1,24.8,75.5,1.23,NaN,57.89
NaN,Raised slab,4.36,184.0,1.64,0.89,1.07,1,1656.8,27.3,86.0,0.51,44.4,100.0
Retail,Slab-on-grade,2.51,104.5,0.96,0.47,NaN,2,907.3,38.1,66.3,1.28,42.9,63.59
Warehouse,Pile/Pier,2.35,105.7,0.84,1.71,0.0,1,5899.6,6.0,84.0,1.23,68.1,16.07
Retail,Slab-on-grade,0.35,NaN,0.64,0.32,1.8,1,3456.4,33.7,61.4,0.78,68.2,0.0
Retail,Pile/Pier,0.61,30.4,0.6,1.86,0.6,1,2706.9,30.5,80.9,1.03,42.3,1.6
School,Basement,3.94,172.7,1.65,0.21,1.0,3,30000.0,40.4,70.4,0.73,40.9,94.73
Office,Basement,0.91,56.2,0.2,0.39,0.69,2,3620.4,43.2,NaN,0.55,35.1,8.87
Warehouse,Slab-on-grade,1.16,59.6,0.54,0.41,1.77,1,8149.4,63.3,62.4,1.21,63.8,5.02
Office,Slab-on-grade,0.55,28.4,0.34,0.31,1.02,4,10549.5,26.5,81.1,1.9,94.3,0.0
Warehouse,Pile/Pier,1.54,75.9,0.66,2.01,0.0,2,3457.0,15.5,88.7,0.81,52.1,0.52
Healthcare,Slab-on-grade,1.77,79.4,1.19,0.22,0.85,6,13152.1,16.3,99.0,0.72,NaN,25.26
NaN,Basement,2.12,102.6,0.99,0.21,1.14,6,10545.8,28.0,75.3,0.98,82.6,19.07
Office,Slab-on-grade,3.22,141.6,1.52,0.25,0.53,1,3340.9,26.5,92.3,0.79,60.6,100.0
Warehouse,Raised slab,1.53,65.3,0.19,0.51,0.85,1,9890.6,43.0,76.6,0.78,64.4,19.32
Healthcare,Raised slab,0.45,26.2,0.03,0.76,0.44,4,13498.8,NaN,74.6,1.51,43.4,0.0
Healthcare,Basement,2.63,60.6,1.65,0.2,0.96,3,20117.6,17.0,91.6,NaN,79.4,69.62
Healthcare,Pile/Pier,NaN,69.2,0.75,1.56,NaN,4,14306.4,13.3,67.8,1.23,77.4,0.0
Office,Raised slab,NaN,59.9,0.5,0.71,1.04,3,5370.6,46.5,64.4,0.58,22.8,12.48
Retail,Slab-on-grade,1.12,55.5,0.61,0.18,0.68,2,1661.8,19.7,75.4,0.59,40.0,21.23
Office,Slab-on-grade,3.27,143.4,1.53,0.27,0.4,5,5970.0,49.4,79.1,1.31,24.9,62.28
Warehouse,Raised slab,2.45,105.7,0.95,0.55,1.07,1,45000.0,27.2,78.0,1.55,36.9,42.39
NaN,Basement,3.02,138.6,NaN,0.4,0.0,3,9387.7,6.2,93.4,1.13,55.1,72.59
NaN,Pile/Pier,2.76,61.7,1.61,1.89,0.0,1,2577.9,51.2,NaN,0.54,46.9,37.88
NaN,Basement,2.0,47.5,1.43,NaN,NaN,NaN,4616.1,70.3,47.0,1.27,56.4,20.54
Retail,Slab-on-grade,0.51,46.7,0.15,0.25,0.0,2,3697.6,18.8,75.8,1.15,36.4,10.85
Retail,Slab-on-grade,0.73,33.8,0.54,NaN,1.25,1,3694.8,22.2,85.9,1.2,65.6,3.27
Healthcare,Slab-on-grade,2.4,112.5,0.89,0.33,1.54,2,17447.1,29.0,69.1,1.99,86.1,45.13
School,Raised slab,1.85,83.0,0.68,0.77,0.58,2,11487.3,37.7,75.4,0.95,50.2,41.05
Warehouse,Pile/Pier,2.23,99.1,1.49,2.24,0.37,2,11736.3,34.5,71.7,1.7,73.8,5.15
Retail,Pile/Pier,3.78,166.8,1.31,1.27,0.48,2,3536.5,58.2,67.9,0.79,40.8,67.59
Office,Raised slab,2.92,130.1,1.39,0.81,0.0,2,3947.1,34.8,75.0,1.18,41.3,71.72
Healthcare,Pile/Pier,1.4,74.6,0.23,1.62,NaN,8,13563.7,13.8,80.1,1.24,52.5,1.72
Healthcare,Pile/Pier,1.33,62.0,0.75,2.23,NaN,6,35000.0,5.7,92.6,1.88,68.8,0.3
School,Raised slab,2.63,116.3,1.73,0.69,1.44,3,NaN,19.6,88.3,NaN,NaN,32.78
Healthcare,Slab-on-grade,1.57,69.8,0.9,0.28,NaN,7,18110.6,24.5,78.9,1.16,67.6,28.37
School,Slab-on-grade,0.67,17.7,1.23,0.4,1.27,2,11207.9,62.5,62.1,1.41,65.0,3.93
School,Basement,2.6,114.2,1.08,0.29,0.0,1,4269.9,23.2,82.8,1.51,65.3,99.57
Retail,Pile/Pier,NaN,62.3,0.8,1.92,0.49,2,2475.5,31.4,82.8,1.57,71.8,2.98
Office,Basement,1.08,47.9,0.58,NaN,0.0,4,2602.5,37.7,77.0,1.65,NaN,16.26
Office,Slab-on-grade,2.18,103.6,1.38,0.22,0.1,4,5716.8,59.4,59.8,1.48,41.8,54.59
Office,Slab-on-grade,2.53,109.7,0.8,0.13,0.21,4,2464.1,NaN,NaN,0.47,45.1,60.86
School,Pile/Pier,1.01,46.8,0.73,1.48,0.39,4,16065.9,23.0,75.7,1.26,71.1,3.59
Retail,Pile/Pier,3.44,148.3,1.52,1.84,0.0,3,5827.5,20.7,89.3,0.33,57.0,38.14
School,Basement,1.84,80.6,0.6,0.21,0.0,4,8749.5,49.8,86.1,0.98,30.1,53.91
Warehouse,Raised slab,1.98,48.8,1.43,0.88,1.43,2,14907.9,NaN,73.5,1.29,58.2,13.57
Office,NaN,1.32,71.4,0.23,0.18,NaN,7,4955.3,71.2,53.7,0.52,29.9,10.5
Retail,Pile/Pier,1.85,83.0,0.03,NaN,0.05,1,3792.7,36.8,80.6,NaN,54.5,0.72
Healthcare,Pile/Pier,2.17,93.8,0.66,1.58,0.31,4,15096.2,20.0,91.9,1.24,79.8,20.57
Office,Raised slab,0.99,45.4,0.39,0.68,1.03,4,9074.7,48.6,69.0,0.89,38.4,1.97
Office,Basement,2.72,113.5,1.13,0.28,1.8,6,2702.7,58.0,NaN,1.26,67.4,22.76
Retail,Slab-on-grade,2.61,119.0,0.82,0.19,1.09,2,1822.1,40.3,81.5,0.5,25.6,64.29
Office,Slab-on-grade,0.48,29.1,0.2,0.18,0.93,5,3586.7,47.1,71.5,0.65,69.9,2.56
Warehouse,Slab-on-grade,0.66,40.2,0.41,0.42,1.25,1,12867.2,41.1,73.7,1.16,46.9,2.49
Warehouse,Slab-on-grade,1.34,61.1,0.46,0.32,1.34,1,16459.4,42.7,66.3,1.27,75.4,1.85
School,Raised slab,NaN,38.9,0.17,0.44,0.0,3,13358.9,NaN,63.8,1.54,58.9,11.97
Warehouse,Slab-on-grade,1.82,47.6,1.27,0.26,0.0,1,7815.1,34.4,63.0,0.78,74.2,54.27
Warehouse,Slab-on-grade,1.98,NaN,1.16,0.25,0.0,1,1577.4,21.3,87.4,0.96,55.9,46.35
Office,Basement,3.07,71.9,1.37,0.05,1.58,3,5271.0,40.6,78.0,NaN,36.3,55.49
Warehouse,Slab-on-grade,1.3,55.6,0.82,0.29,1.46,1,19374.7,43.3,73.3,1.15,84.3,6.4
School,Slab-on-grade,1.5,65.3,0.96,0.4,1.8,3,30000.0,18.1,78.6,0.89,73.4,2.4
Warehouse,Raised slab,1.11,59.6,0.44,0.71,1.34,1,8291.7,29.9,82.5,0.87,84.8,1.46
Warehouse,Slab-on-grade,0.97,54.1,0.54,0.34,1.65,1,7004.9,17.7,91.3,1.36,87.3,0.65
Retail,Slab-on-grade,4.35,190.2,1.62,0.31,NaN,1,3381.1,28.4,69.6,NaN,NaN,100.0
Office,Basement,1.9,92.0,0.88,0.19,0.72,6,6358.1,61.0,63.5,0.72,14.5,41.08
Office,Basement,3.04,130.0,1.78,0.43,0.0,3,10406.1,41.4,75.8,1.11,46.8,92.12
Retail,Pile/Pier,0.66,40.5,0.62,1.82,0.47,2,2050.4,28.7,72.7,0.14,34.2,0.0
NaN,Raised slab,1.05,31.9,1.18,0.51,1.54,2,11190.6,2.2,91.1,0.56,72.5,0.94
NaN,Slab-on-grade,2.69,113.3,0.84,0.27,1.16,1,20608.1,35.9,74.2,1.5,72.6,44.82
Office,Basement,2.65,115.4,1.04,0.58,1.08,6,8673.0,49.6,59.2,0.48,NaN,42.2
School,Slab-on-grade,1.45,66.2,0.69,0.28,NaN,3,20748.4,68.8,57.7,1.01,41.4,33.26
Retail,Slab-on-grade,0.35,17.5,0.38,0.28,NaN,1,2147.1,23.4,82.4,0.93,34.8,0.0
Office,Slab-on-grade,2.07,52.4,1.17,0.26,1.01,2,8894.7,41.9,78.9,0.74,NaN,45.73
Office,Basement,4.51,185.7,2.23,0.47,0.1,7,3219.8,42.5,72.8,1.0,47.9,80.19
Retail,Slab-on-grade,NaN,118.8,1.09,0.19,1.56,2,NaN,51.7,66.5,1.12,44.5,55.07
Warehouse,Pile/Pier,NaN,102.0,0.9,1.98,NaN,1,27321.2,22.5,81.6,1.27,NaN,10.46
Retail,Pile/Pier,1.75,80.6,NaN,1.42,NaN,1,2802.3,32.2,66.9,0.6,44.8,18.6
School,Raised slab,2.63,113.3,1.23,0.53,0.0,3,18398.6,42.3,68.2,1.23,40.7,65.28
Healthcare,Pile/Pier,3.52,144.3,1.3,1.66,NaN,6,26792.9,27.6,93.4,1.72,76.7,32.1
Retail,Raised slab,0.38,22.9,0.01,0.66,1.31,2,3316.0,21.3,84.5,0.64,46.4,0.87
Warehouse,NaN,2.29,56.0,0.81,1.38,0.56,1,4404.9,27.1,81.8,1.18,55.8,20.13
Warehouse,Slab-on-grade,0.56,37.2,0.21,0.42,0.94,2,13072.1,41.2,59.2,1.03,71.8,0.0
Office,NaN,NaN,NaN,2.0,0.23,1.09,3,10911.5,19.5,85.4,NaN,45.8,91.96
School,Raised slab,0.82,49.6,0.58,0.67,1.14,1,8610.6,34.3,66.2,1.29,45.2,1.51
Retail,Pile/Pier,1.42,71.1,0.92,1.58,NaN,2,NaN,17.5,71.9,0.49,27.3,1.65
Retail,Raised slab,2.33,106.3,0.86,0.68,0.99,NaN,6530.6,45.9,NaN,NaN,21.0,40.87
Office,Basement,1.33,NaN,0.56,0.39,0.0,NaN,2956.3,NaN,82.0,1.03,60.2,34.49
School,Pile/Pier,1.83,83.2,0.41,1.58,0.08,2,15335.2,22.5,NaN,1.08,73.7,6.03
School,Pile/Pier,NaN,57.8,0.81,1.5,0.12,3,9924.5,38.4,73.0,1.33,40.2,2.81
Office,Basement,3.41,156.5,1.71,0.35,0.0,4,5097.5,66.2,49.1,0.4,NaN,96.51
Retail,Slab-on-grade,1.79,NaN,0.54,0.36,0.0,3,13624.5,27.0,71.4,0.67,17.9,59.08
Warehouse,Slab-on-grade,2.53,109.8,NaN,0.13,1.19,2,20234.3,15.1,NaN,1.5,54.1,38.81
Office,Pile/Pier,4.05,NaN,1.61,1.87,0.58,1,2618.4,71.9,60.1,1.3,57.7,83.09
Office,Pile/Pier,1.13,58.6,0.31,1.91,0.31,8,9076.5,11.9,88.6,1.14,34.0,4.2
School,Pile/Pier,2.16,91.4,0.84,1.4,0.0,3,11824.5,2.0,84.7,0.93,43.5,13.9
Warehouse,Slab-on-grade,NaN,72.2,0.85,0.23,1.2,2,43359.8,31.0,75.1,0.83,72.5,13.5
Office,Basement,3.4,154.4,1.41,0.24,1.02,4,6009.0,29.0,94.8,0.92,54.6,60.79
Healthcare,Pile/Pier,2.88,125.3,1.1,1.56,0.54,8,35000.0,10.7,85.0,2.21,78.2,20.81
Healthcare,Pile/Pier,0.98,49.4,0.56,1.75,0.0,3,10076.1,34.9,80.9,1.43,62.1,2.62
Office,Slab-on-grade,1.74,NaN,0.94,0.6,1.61,3,5069.0,42.4,87.5,2.1,55.1,4.93
Healthcare,Pile/Pier,1.5,67.9,0.6,1.51,0.0,NaN,21751.3,17.1,86.7,1.83,53.8,3.11
Retail,Raised slab,3.01,67.8,2.04,0.72,0.0,1,2073.3,8.8,99.0,0.53,50.3,89.44
School,Slab-on-grade,1.47,70.3,0.56,0.29,0.0,1,6606.8,46.8,64.1,1.44,NaN,52.42
School,Raised slab,4.42,101.4,2.33,0.4,1.15,3,8135.3,43.1,NaN,1.15,30.2,91.08
School,Raised slab,2.6,107.4,0.73,0.54,0.0,4,30000.0,30.3,73.6,0.75,45.2,46.08
Office,Basement,1.09,32.4,0.91,0.27,0.0,2,9709.1,71.2,47.6,1.19,33.6,44.04
Warehouse,Slab-on-grade,0.91,24.6,0.54,0.19,0.98,2,17656.7,6.9,79.3,0.89,64.2,0.0
NaN,Slab-on-grade,3.02,67.0,1.65,0.48,0.0,2,2505.2,5.1,NaN,0.99,51.1,76.1
Office,Basement,2.2,99.5,1.01,0.15,1.01,4,4038.1,25.5,86.2,1.13,59.1,40.04
Office,Slab-on-grade,2.41,NaN,1.5,0.41,1.47,6,11007.8,37.2,69.4,1.47,61.4,20.51
School,Raised slab,1.73,51.1,2.02,0.97,0.0,2,11607.6,36.1,73.3,1.43,77.7,29.57
Healthcare,Raised slab,3.66,155.6,1.35,0.81,0.0,3,NaN,21.6,NaN,NaN,53.5,74.74
NaN,Basement,1.51,77.5,0.69,0.3,0.0,NaN,6949.0,44.3,64.4,0.96,45.8,43.01
School,Pile/Pier,2.33,NaN,0.76,1.5,0.0,NaN,15597.6,10.7,91.7,1.26,68.3,24.52
Office,Basement,1.12,50.1,0.91,0.28,1.52,NaN,5402.4,64.0,47.2,1.25,27.8,0.38
NaN,Pile/Pier,3.94,168.5,2.0,1.39,0.0,3,7831.9,30.6,73.4,1.54,51.4,58.55
NaN,Basement,2.69,117.2,NaN,0.16,0.63,6,3539.5,58.1,NaN,0.77,34.1,45.64
Healthcare,Slab-on-grade,1.34,61.1,0.58,0.27,1.04,5,25857.9,29.8,89.2,1.78,86.0,10.02
Retail,Slab-on-grade,1.11,54.0,0.57,NaN,0.0,2,12223.0,34.9,66.9,NaN,35.6,49.84
Warehouse,Slab-on-grade,1.33,NaN,0.53,0.25,0.0,1,5128.8,33.1,70.2,NaN,81.1,31.56
Office,Basement,1.2,31.0,1.23,0.35,0.39,1,6810.3,46.1,69.6,0.85,46.0,47.76
Retail,Basement,1.65,76.2,0.91,0.27,0.94,3,2580.3,37.6,71.8,0.71,20.5,39.22
Office,Basement,0.98,47.0,0.87,0.42,NaN,1,2866.3,61.9,51.7,1.03,NaN,2.19
Warehouse,Slab-on-grade,0.73,20.2,0.97,0.29,0.67,1,21174.2,27.1,74.9,0.52,65.9,3.28
Warehouse,Slab-on-grade,2.17,48.8,1.83,0.35,1.22,NaN,11140.5,35.3,NaN,1.07,73.8,27.0
Office,Slab-on-grade,1.79,42.7,1.36,0.12,0.0,3,5914.9,36.4,62.7,0.01,46.1,53.59
School,Basement,1.82,80.2,1.0,0.15,0.0,4,14835.7,56.5,NaN,1.0,57.0,52.74
Warehouse,Raised slab,1.39,78.4,0.86,0.72,1.17,1,6962.7,13.2,85.9,0.91,95.0,7.42
School,NaN,3.37,148.0,1.31,0.27,1.47,1,13094.6,62.6,71.9,2.07,79.0,100.0
School,Slab-on-grade,1.44,65.1,0.63,0.34,0.0,2,9687.1,31.3,NaN,1.15,54.0,43.73
Office,Basement,0.57,NaN,0.52,0.16,NaN,4,2739.8,12.2,92.3,NaN,76.0,2.57
Office,Pile/Pier,1.27,60.3,0.28,1.83,0.34,3,3158.4,40.3,67.9,1.26,42.1,1.89
Warehouse,Slab-on-grade,3.34,76.7,1.87,0.23,NaN,1,1259.5,13.1,NaN,1.0,78.6,45.61
Warehouse,Raised slab,2.58,NaN,0.86,0.64,0.0,2,13813.7,NaN,80.2,NaN,51.5,40.85
School,Pile/Pier,1.81,88.1,0.97,1.38,0.0,4,25394.2,20.9,NaN,0.69,62.4,14.42
Retail,Slab-on-grade,2.77,NaN,1.15,0.41,1.26,1,1488.5,21.3,77.5,NaN,40.8,79.95
Retail,Raised slab,NaN,124.6,1.37,0.94,1.12,1,3964.4,2.0,91.6,0.89,35.5,73.9
Healthcare,Slab-on-grade,1.68,90.5,0.47,0.58,1.7,5,NaN,18.7,76.8,2.2,89.9,0.0
Warehouse,Raised slab,0.7,39.0,0.63,0.37,0.78,2,7869.2,2.0,99.0,1.07,NaN,0.0
Warehouse,Slab-on-grade,1.42,65.7,0.77,0.23,0.0,3,45000.0,2.0,88.9,1.06,88.8,24.5
Healthcare,Pile/Pier,4.1,NaN,1.79,1.55,0.36,3,15974.6,35.6,76.4,NaN,NaN,75.55
School,Basement,NaN,113.8,1.3,0.36,NaN,3,30000.0,45.4,60.5,1.59,72.2,65.3
Office,Basement,1.21,57.7,0.64,0.41,1.59,3,2098.7,45.7,75.6,1.82,55.1,2.77
Office,Basement,NaN,71.9,0.37,0.24,1.44,1,3208.2,20.6,86.2,1.19,NaN,2.88
Warehouse,Raised slab,0.94,49.6,0.62,0.69,1.76,1,NaN,23.2,82.2,1.74,86.3,5.12
School,Raised slab,1.56,76.1,0.52,0.64,1.73,NaN,9789.2,31.9,63.0,2.2,68.1,0.0
Office,NaN,3.01,71.4,1.81,1.21,0.0,4,8719.3,17.1,81.4,1.31,63.2,29.68
Office,Pile/Pier,1.35,33.4,0.58,1.04,0.15,1,24111.6,65.1,NaN,0.49,37.2,18.92
Healthcare,Raised slab,2.55,118.3,1.48,0.75,0.0,6,31442.3,37.3,78.0,1.27,50.5,41.8
Office,Pile/Pier,2.12,NaN,1.62,1.89,0.16,3,5229.3,34.0,74.0,0.6,35.6,8.38
Office,Basement,2.84,NaN,1.93,0.46,0.0,4,3217.6,38.5,68.8,1.13,43.0,68.97
School,Raised slab,1.82,82.1,0.62,0.78,1.25,2,3882.7,35.5,63.6,0.67,67.4,24.43
Healthcare,Basement,1.38,82.7,0.71,0.25,1.44,3,NaN,2.0,99.0,2.35,61.9,4.52
School,Slab-on-grade,2.86,122.4,NaN,0.14,0.98,2,7600.3,27.8,68.9,0.93,70.7,64.34
Office,Slab-on-grade,1.81,87.0,0.86,0.1,0.0,2,18595.9,25.7,78.8,1.6,57.5,63.82
NaN,Raised slab,NaN,104.7,1.93,0.66,1.44,5,34142.0,11.0,85.9,NaN,82.8,49.56
Office,Basement,0.28,17.8,0.64,0.36,1.25,2,5357.6,32.9,84.0,1.24,67.5,3.83
NaN,Slab-on-grade,1.06,49.4,0.47,0.23,1.48,2,4218.4,55.0,67.4,0.87,59.5,2.39
Healthcare,Raised slab,2.69,61.6,2.12,0.73,1.04,3,21660.5,34.0,76.4,1.96,63.2,56.21
School,Pile/Pier,NaN,42.4,1.03,1.91,0.0,3,8203.7,22.3,88.4,1.86,NaN,0.62
Warehouse,Slab-on-grade,4.43,188.5,2.15,0.19,0.0,2,3908.7,33.2,64.7,0.1,72.5,89.68
School,Raised slab,0.8,NaN,0.68,0.37,0.0,1,6355.4,55.8,62.0,1.19,33.0,24.16
School,Slab-on-grade,2.7,127.9,NaN,NaN,0.0,2,9898.7,47.7,60.0,1.3,33.9,98.44
Office,Slab-on-grade,1.77,80.9,0.84,0.32,1.74,1,2605.0,39.1,80.1,1.31,47.7,5.96
Retail,Pile/Pier,1.44,62.5,1.15,2.39,0.0,2,1539.3,18.3,86.6,1.46,60.2,2.37
Retail,Raised slab,2.79,65.2,1.85,0.78,1.68,1,1780.9,NaN,76.7,1.33,73.4,48.22
Office,Basement,2.73,62.7,1.49,0.28,0.0,4,10393.8,45.1,63.1,1.0,41.9,70.71
Warehouse,Slab-on-grade,3.22,140.3,NaN,0.12,0.75,1,18841.7,38.3,77.0,0.36,82.7,80.12
Retail,Raised slab,0.83,62.6,0.51,0.55,0.86,3,4289.2,37.5,62.5,1.1,46.7,1.72
Warehouse,Slab-on-grade,1.3,60.2,0.59,NaN,0.0,1,16832.4,40.8,63.1,0.65,51.0,46.12
NaN,Slab-on-grade,2.79,130.0,1.29,0.1,0.68,2,5672.4,22.9,79.8,1.05,66.6,71.78
Healthcare,Slab-on-grade,1.14,54.5,NaN,0.35,1.39,4,14387.8,43.4,NaN,1.57,54.2,1.19
School,Slab-on-grade,3.45,143.2,1.4,0.23,NaN,4,15456.0,35.4,79.3,0.69,54.4,57.03
School,NaN,0.55,15.4,NaN,0.47,0.33,3,NaN,67.3,52.2,0.39,NaN,3.15
School,Slab-on-grade,2.6,61.8,1.45,0.15,0.95,2,10546.4,20.3,74.4,0.89,33.1,69.8
Office,Pile/Pier,1.41,65.4,0.22,1.64,0.32,6,3655.5,69.2,48.1,1.7,55.6,1.29
Healthcare,Raised slab,2.2,53.9,1.43,0.86,1.44,5,10995.7,27.8,87.5,1.29,78.3,20.33
Retail,Slab-on-grade,3.13,72.6,1.65,0.32,0.0,2,5179.0,18.2,64.4,1.03,72.5,85.69
NaN,Slab-on-grade,1.84,NaN,0.75,0.16,0.0,6,12877.6,29.3,70.7,NaN,43.2,34.46
School,Basement,2.52,117.7,0.96,0.45,0.0,1,6105.8,26.6,90.4,1.04,76.2,99.24
Office,NaN,NaN,59.5,1.15,0.53,0.16,5,2860.0,45.6,67.2,1.41,69.1,43.76
Warehouse,Pile/Pier,3.39,151.3,1.31,1.78,0.0,1,2378.5,32.4,82.2,1.27,63.0,36.87
Warehouse,Pile/Pier,2.04,46.0,1.53,1.85,0.0,1,40517.6,14.8,89.7,0.8,87.9,3.91
Warehouse,Slab-on-grade,0.72,29.8,0.21,0.51,1.8,1,12065.0,23.6,82.7,1.79,90.1,0.37
Retail,Raised slab,2.02,93.6,0.8,0.34,1.18,2,2312.1,60.1,45.9,0.82,48.7,40.9
Office,Slab-on-grade,0.91,45.3,0.92,0.51,NaN,2,3634.6,69.1,46.2,0.99,70.1,13.26
Warehouse,Raised slab,2.5,70.1,1.97,0.86,1.29,1,2924.1,31.0,68.7,1.16,82.7,29.63
Retail,Slab-on-grade,1.15,54.2,0.56,0.31,0.0,2,4830.3,28.6,78.0,1.22,13.8,40.31
Warehouse,Slab-on-grade,3.25,74.7,2.12,0.34,1.69,1,45000.0,25.9,87.4,NaN,82.2,50.69
Warehouse,Slab-on-grade,2.01,101.0,0.69,0.19,NaN,1,6452.1,33.8,72.0,1.16,57.0,16.59
Warehouse,Raised slab,2.19,100.2,0.84,0.58,1.51,1,45000.0,7.6,89.5,0.91,71.8,24.63
NaN,NaN,2.24,108.7,0.87,0.29,0.0,1,2601.8,24.1,76.8,0.63,40.0,89.25
Retail,Slab-on-grade,0.38,13.0,0.83,0.15,1.27,1,7584.4,3.0,90.3,1.04,41.8,0.0
Warehouse,Raised slab,0.82,45.0,NaN,0.52,0.64,1,13837.6,30.4,70.4,0.67,NaN,5.91
Retail,Raised slab,1.35,59.8,0.36,0.49,1.07,NaN,5299.2,37.7,82.7,1.48,38.4,7.85
Office,Pile/Pier,2.38,97.1,1.12,1.74,0.08,5,18196.5,29.3,84.1,1.34,55.5,12.59
School,Slab-on-grade,1.39,68.7,0.48,0.1,0.0,2,14775.0,NaN,61.9,0.54,45.2,57.32
Warehouse,Pile/Pier,0.43,25.6,0.68,1.2,0.6,1,14508.4,4.4,88.3,NaN,72.3,1.53
Healthcare,Pile/Pier,1.41,59.8,0.86,1.54,0.14,NaN,9643.0,4.5,88.1,1.25,70.3,0.15
School,Slab-on-grade,1.86,NaN,0.45,0.28,1.18,3,NaN,35.8,79.6,1.09,58.8,25.1
Office,Basement,1.49,71.0,0.62,0.24,NaN,2,5713.7,56.8,58.4,0.78,59.7,46.01
School,Raised slab,2.49,110.0,1.43,0.5,0.0,1,17436.1,60.6,61.2,0.91,45.6,92.19
Warehouse,Pile/Pier,1.58,71.8,0.87,1.99,0.0,2,14573.2,NaN,69.8,0.9,71.5,0.0
Office,Slab-on-grade,2.06,91.1,0.95,0.34,0.66,2,3207.3,57.4,57.8,0.57,40.7,59.88
School,Basement,2.68,121.0,0.62,0.41,1.32,2,3982.9,31.3,77.2,1.38,90.7,48.77
Warehouse,Slab-on-grade,1.74,40.2,NaN,0.14,0.61,2,7696.4,21.2,87.7,1.25,66.5,29.42
Healthcare,Pile/Pier,2.6,64.0,1.77,1.83,0.48,6,27175.5,NaN,71.4,1.68,85.4,17.62
Healthcare,Raised slab,3.41,147.4,0.95,0.67,1.22,4,13998.0,34.1,69.2,1.66,57.7,57.02
Healthcare,Pile/Pier,2.72,113.1,1.28,1.68,0.0,6,16599.5,2.9,99.0,2.16,72.2,20.52
Retail,Pile/Pier,2.01,83.3,0.71,1.82,0.0,1,2705.7,50.1,61.4,0.65,NaN,9.8
Retail,Slab-on-grade,0.18,21.5,0.24,0.26,0.0,2,7940.8,48.7,49.5,0.71,NaN,0.22
NaN,Pile/Pier,NaN,80.9,1.88,1.61,0.0,1,18022.8,14.0,74.2,0.76,63.8,50.87
Warehouse,Pile/Pier,4.81,210.8,1.88,1.3,0.49,2,16270.9,30.3,72.9,1.1,55.7,67.18
Warehouse,Slab-on-grade,3.08,148.6,1.44,0.19,1.44,3,17663.3,31.9,78.2,1.49,90.2,29.17
Warehouse,Slab-on-grade,0.47,31.9,0.34,0.32,0.0,2,19591.4,28.2,90.3,1.14,74.7,2.7
School,Basement,2.24,98.4,1.56,0.29,1.76,4,12521.2,22.6,76.6,1.5,62.7,17.28
School,Raised slab,3.71,157.1,1.94,0.88,1.8,NaN,8133.9,NaN,89.1,1.54,58.6,58.9
Healthcare,Slab-on-grade,0.21,6.7,0.55,NaN,0.0,4,28688.8,24.6,72.6,1.64,80.0,0.0
School,Raised slab,4.2,NaN,2.0,0.63,1.15,NaN,8925.3,51.9,67.9,0.96,61.7,91.19
NaN,Slab-on-grade,2.67,NaN,0.92,0.4,0.74,6,15006.8,32.6,90.5,2.05,73.7,33.31
Healthcare,Raised slab,0.8,38.4,0.12,0.67,0.92,8,35000.0,NaN,87.3,1.8,58.1,3.84
Warehouse,Slab-on-grade,1.5,71.9,NaN,0.18,0.0,1,3014.4,36.3,69.8,0.79,NaN,41.1
Retail,Pile/Pier,1.18,31.3,0.81,1.85,0.0,3,9623.9,NaN,99.0,1.3,11.4,1.56
Retail,Basement,0.53,36.8,0.53,0.34,1.39,2,NaN,45.2,69.8,1.27,33.3,0.0
Office,Slab-on-grade,0.93,45.2,0.49,0.44,0.0,8,5140.6,6.7,NaN,1.42,NaN,9.12
School,Basement,1.61,41.8,1.33,0.34,1.08,4,13391.4,25.8,73.3,1.41,NaN,19.99
Office,Basement,1.98,88.5,0.14,0.28,1.39,3,4075.8,17.8,87.9,1.51,57.2,19.54
Retail,Pile/Pier,2.22,99.4,0.86,1.89,NaN,1,4529.8,8.6,82.5,1.01,83.7,13.06
School,Slab-on-grade,2.46,NaN,0.81,0.38,0.98,1,12411.5,51.7,70.0,1.43,64.7,71.9
Retail,Slab-on-grade,1.95,102.4,0.52,0.55,1.8,1,3679.8,21.0,82.8,NaN,41.4,7.6
School,Pile/Pier,1.77,74.5,0.54,1.55,NaN,3,16861.9,37.9,80.8,1.28,59.8,8.0
Office,Pile/Pier,0.58,34.9,0.29,1.26,0.0,6,6872.0,37.2,68.5,0.91,52.4,2.47
NaN,Basement,3.61,88.0,2.17,0.39,0.47,7,NaN,46.6,64.5,0.19,25.8,78.75
Warehouse,Pile/Pier,0.69,18.4,0.65,1.56,0.0,2,31368.1,NaN,87.2,NaN,75.5,2.81
Retail,Slab-on-grade,1.61,48.5,1.16,0.27,0.78,1,2095.6,8.8,83.2,0.79,46.9,47.57
Office,Basement,3.22,137.3,1.51,0.32,1.11,2,6935.3,55.9,62.0,0.43,56.5,79.76
School,Raised slab,2.1,93.1,0.98,0.75,0.0,1,12018.5,23.6,80.3,1.15,NaN,57.22
Healthcare,Slab-on-grade,1.59,75.7,0.53,0.28,1.31,4,18309.6,NaN,95.1,1.69,78.0,9.37
Office,NaN,0.85,47.4,0.27,0.1,1.15,4,4881.8,30.3,81.3,1.42,67.1,2.4
School,Slab-on-grade,4.22,177.7,1.8,0.11,0.49,1,15362.2,57.5,NaN,1.13,65.4,100.0
Office,Basement,4.84,201.5,1.8,0.46,0.09,3,5118.5,53.3,53.1,1.59,34.9,100.0
Office,Pile/Pier,2.22,101.6,1.06,1.74,0.0,2,5123.0,31.7,67.6,1.19,50.8,21.32
NaN,Slab-on-grade,0.8,46.1,0.12,0.51,NaN,3,23392.6,26.1,79.2,1.1,NaN,0.0
School,Pile/Pier,NaN,35.3,0.4,1.36,NaN,2,30000.0,26.5,80.5,1.44,64.9,0.0
School,NaN,2.72,111.7,NaN,1.59,0.0,2,7677.3,NaN,56.1,0.93,46.9,39.42
Healthcare,Basement,NaN,111.7,1.15,0.43,0.66,5,20914.2,30.3,76.1,1.14,51.0,62.55
Warehouse,Slab-on-grade,2.02,52.4,1.19,0.21,0.84,3,16303.0,30.9,68.6,0.58,68.2,30.02
School,Raised slab,4.42,184.6,1.46,0.62,1.49,1,8784.8,49.5,63.8,1.61,51.0,100.0
Retail,Slab-on-grade,2.02,87.9,0.64,0.3,1.78,2,4173.6,31.6,81.4,0.9,57.2,12.69
NaN,Raised slab,1.57,41.5,1.41,0.51,0.0,6,20548.6,21.4,85.1,1.62,49.7,25.21
Retail,Slab-on-grade,1.51,38.7,1.33,0.31,NaN,2,1557.8,25.1,81.2,0.69,27.8,28.37
Retail,Pile/Pier,0.88,44.2,0.3,0.88,0.15,3,11084.5,26.9,66.2,0.81,51.9,1.97
Office,Slab-on-grade,4.42,NaN,NaN,0.42,0.35,3,7225.3,37.3,81.1,0.41,68.9,94.6
Office,Basement,0.35,19.6,NaN,0.17,0.0,3,4099.0,51.1,60.5,0.71,65.1,8.0
Warehouse,NaN,1.59,67.1,0.64,0.01,0.86,1,15154.8,24.8,83.6,0.99,64.9,27.08
Warehouse,Raised slab,4.33,192.6,1.53,0.53,0.33,1,40261.7,35.7,71.8,0.46,69.8,86.92
Healthcare,NaN,1.12,NaN,0.74,NaN,0.6,4,NaN,NaN,81.8,1.07,61.0,0.8
Retail,Slab-on-grade,NaN,53.5,1.23,0.26,1.68,1,3166.8,29.2,78.2,0.43,49.3,39.46
Office,Raised slab,1.47,67.9,1.22,0.81,1.26,NaN,2737.7,2.0,98.5,NaN,57.1,6.8
Office,Basement,0.33,22.8,0.34,0.34,0.66,4,5509.5,54.5,80.6,0.46,54.5,3.07
Office,Basement,NaN,73.3,0.48,0.55,1.43,1,NaN,44.2,75.4,1.56,NaN,13.05
School,Basement,1.67,76.0,1.02,0.23,0.0,NaN,6649.3,49.0,72.0,NaN,77.1,50.23
Healthcare,Raised slab,2.56,59.1,1.46,0.8,0.68,6,23550.2,2.0,99.0,1.66,66.8,27.26
Healthcare,Raised slab,3.06,75.2,2.53,0.78,NaN,3,25885.1,54.2,71.7,2.17,78.9,59.86
Retail,Pile/Pier,3.23,73.0,1.67,1.05,0.0,NaN,3973.2,25.9,77.9,1.36,55.0,68.48
Warehouse,Pile/Pier,2.63,114.2,1.13,1.66,0.0,2,5923.5,41.7,76.1,1.58,75.4,19.15
Healthcare,Basement,2.72,118.2,1.59,0.21,1.8,5,27331.3,10.4,99.0,1.56,80.6,24.96
School,Pile/Pier,1.11,57.0,0.42,1.6,NaN,NaN,13209.6,42.4,80.1,1.05,70.1,4.75
School,Raised slab,0.73,39.5,NaN,0.71,0.0,2,10544.2,14.1,76.1,1.24,56.3,1.65
Retail,Slab-on-grade,1.48,64.1,0.64,0.37,1.31,2,6401.8,18.6,69.4,0.99,51.1,8.91
Office,Raised slab,1.29,58.3,0.55,NaN,NaN,7,5813.8,72.5,64.7,1.83,25.6,5.25
Retail,Slab-on-grade,1.51,69.0,0.52,0.24,1.11,2,4265.1,25.1,71.4,0.75,40.3,21.2
Healthcare,Basement,2.35,97.8,1.31,0.24,0.0,2,9198.8,28.0,67.9,0.76,55.8,94.74
Office,Slab-on-grade,1.51,39.5,1.27,0.3,1.57,3,2139.5,NaN,53.9,NaN,46.8,0.9
Office,Basement,2.26,94.4,1.35,0.44,1.27,7,12354.5,46.9,NaN,2.0,43.1,29.17
Office,Basement,1.77,82.3,0.66,0.16,0.0,2,4490.5,40.7,NaN,0.82,24.0,68.95
Office,Basement,0.62,NaN,0.24,0.15,0.62,8,6789.1,44.6,60.8,0.02,30.5,0.41
Warehouse,Basement,0.19,15.2,0.41,0.34,NaN,2,6319.6,62.5,55.6,0.92,81.5,3.52
Healthcare,NaN,0.12,11.3,0.12,1.81,0.6,2,22547.3,NaN,87.1,1.49,56.9,0.0
Retail,NaN,4.46,102.5,2.41,0.15,0.71,3,1565.9,31.0,80.5,1.12,53.5,89.3
Office,Basement,2.25,52.3,1.33,0.29,0.94,3,NaN,56.9,56.8,0.0,42.9,64.11
School,Pile/Pier,NaN,56.9,0.51,1.26,0.0,4,16576.5,50.8,59.5,0.5,74.6,0.45
Retail,Raised slab,3.82,171.4,1.67,0.37,0.38,1,1163.4,45.8,71.7,0.41,NaN,100.0
Office,Raised slab,3.51,84.6,2.58,0.66,1.14,3,5530.2,49.5,66.6,1.46,61.2,57.05
Retail,Slab-on-grade,4.0,171.3,1.55,0.24,NaN,2,16366.0,10.9,86.3,1.22,60.9,79.19
Retail,NaN,2.14,95.2,0.99,1.34,NaN,2,6798.0,52.5,64.9,0.18,32.2,35.44
School,Raised slab,1.58,68.1,0.95,0.55,0.11,1,5532.5,12.5,71.9,1.08,65.4,42.3
School,Pile/Pier,0.95,54.4,0.49,1.14,0.0,3,NaN,37.1,74.8,0.59,58.3,2.11
Office,Basement,2.61,123.1,1.34,NaN,1.08,2,2037.9,24.4,NaN,1.31,52.6,60.87
Retail,Raised slab,2.62,112.5,1.66,0.74,0.0,1,1225.4,27.0,65.8,NaN,55.3,74.95
School,NaN,1.65,75.0,0.73,1.76,0.23,2,9659.4,37.6,60.9,1.12,91.1,4.23
School,Basement,NaN,43.9,0.74,0.06,NaN,2,13163.0,37.5,68.2,1.07,47.3,0.0
Warehouse,Slab-on-grade,1.62,NaN,1.33,0.46,1.8,1,19693.1,30.8,81.2,1.45,77.9,5.05
School,Basement,1.23,53.2,0.73,0.36,0.79,1,12644.8,59.4,63.6,1.5,47.7,31.54
Office,Basement,3.62,NaN,1.63,0.33,0.92,2,5828.5,46.2,78.6,1.02,44.0,100.0
Office,Raised slab,NaN,168.4,1.88,0.76,0.44,1,1531.2,33.6,75.6,1.1,62.4,100.0
School,Raised slab,3.54,152.0,1.68,0.56,NaN,2,9690.2,48.4,56.4,1.25,46.0,100.0
Office,Slab-on-grade,3.77,160.1,1.52,0.43,1.8,7,13697.4,59.4,61.6,1.5,58.6,39.16
School,Pile/Pier,1.94,44.4,1.54,1.5,NaN,1,10446.8,11.1,NaN,0.98,NaN,17.75
Warehouse,Slab-on-grade,0.46,28.3,0.35,0.38,0.0,2,15130.9,33.6,74.5,0.97,71.2,3.16
School,Basement,0.89,48.3,0.1,0.35,NaN,NaN,13687.5,43.9,81.1,1.21,50.2,0.88
Retail,Slab-on-grade,NaN,118.5,1.27,0.15,0.99,NaN,4016.8,NaN,82.7,1.2,34.7,74.17
School,Raised slab,1.89,49.4,1.45,0.7,0.0,3,4346.7,55.4,57.0,NaN,47.5,43.27
NaN,Raised slab,3.1,134.2,1.29,0.53,0.24,2,6658.6,25.7,79.8,0.68,61.6,70.56
School,Slab-on-grade,2.0,91.6,0.88,0.19,0.62,1,7920.0,34.1,NaN,NaN,41.9,76.78
Warehouse,Raised slab,NaN,41.4,1.61,0.65,1.56,1,18313.6,21.2,64.6,1.3,60.9,11.26
Retail,Basement,2.15,NaN,1.07,0.24,0.89,2,834.9,28.2,66.6,0.37,64.4,57.27
Warehouse,Pile/Pier,3.24,NaN,1.55,1.56,0.0,1,35695.7,6.5,93.5,1.12,69.2,45.07
Warehouse,Slab-on-grade,2.21,95.6,1.14,0.17,1.3,2,5928.5,2.0,98.9,1.25,84.0,21.8
Office,Pile/Pier,1.65,71.2,0.77,1.44,0.0,NaN,15051.3,66.7,70.8,1.5,NaN,8.68
Office,Basement,2.95,126.8,NaN,0.24,1.52,5,21171.4,22.8,85.9,1.59,NaN,38.08
NaN,Pile/Pier,0.22,9.1,0.73,1.42,0.0,NaN,2837.3,20.2,89.7,0.63,61.0,1.13
Office,Basement,0.82,47.4,NaN,0.35,1.59,3,8087.4,2.0,99.0,1.33,68.2,7.2
Office,Basement,2.39,101.6,1.05,0.46,0.95,3,2949.0,26.5,86.4,1.21,57.2,37.82
Healthcare,Pile/Pier,1.37,NaN,0.88,1.69,0.0,6,19214.0,6.5,99.0,2.28,53.5,0.0
Office,Pile/Pier,3.7,NaN,NaN,2.03,0.14,7,5726.9,67.6,61.6,1.46,61.7,24.26
Retail,Raised slab,NaN,96.7,1.04,0.61,0.0,2,4356.8,43.1,76.4,0.69,37.2,62.06
Warehouse,Slab-on-grade,0.8,21.1,0.67,0.18,0.55,2,16718.4,13.0,80.6,0.16,75.9,4.99
Office,Basement,1.14,56.9,0.16,0.29,0.82,3,2664.6,78.5,35.0,0.54,42.0,14.91
Warehouse,Slab-on-grade,NaN,56.7,0.29,0.28,1.59,1,NaN,39.7,77.6,0.93,70.7,2.97
Retail,Slab-on-grade,1.91,46.1,1.35,0.3,0.0,1,2468.4,NaN,82.7,NaN,60.1,67.49
Office,Raised slab,4.79,NaN,NaN,0.51,0.85,1,1366.7,2.0,86.2,0.77,60.5,100.0
NaN,Pile/Pier,NaN,95.8,1.09,1.36,NaN,4,16928.6,NaN,58.7,2.2,84.7,25.47
School,Slab-on-grade,2.29,102.4,0.43,0.4,NaN,2,22915.1,8.4,92.2,NaN,83.7,36.17
Warehouse,Pile/Pier,2.16,91.6,1.15,2.03,0.4,2,10065.1,2.0,99.0,NaN,68.0,2.7
Healthcare,Slab-on-grade,3.51,142.3,1.69,0.28,0.0,7,12319.7,39.3,81.9,2.1,69.2,51.86
Warehouse,Slab-on-grade,NaN,90.7,0.6,0.3,0.62,1,19736.4,63.0,51.6,0.93,66.6,60.97
Retail,Slab-on-grade,3.6,146.9,1.78,0.32,NaN,1,1599.3,48.8,61.1,1.09,37.6,100.0
Office,Raised slab,0.45,24.1,0.66,0.9,1.68,3,5805.9,48.2,73.0,0.63,34.3,3.32
Healthcare,Pile/Pier,1.59,69.9,0.41,1.44,0.0,5,NaN,33.3,81.1,1.65,59.4,6.29
Warehouse,NaN,NaN,115.0,1.1,1.64,0.2,1,38302.1,NaN,81.8,0.83,67.1,24.52
Warehouse,Slab-on-grade,2.4,101.5,1.08,0.25,0.0,1,9899.0,36.1,72.0,NaN,15.7,77.97
Retail,Slab-on-grade,1.47,62.4,0.27,0.3,0.0,3,1947.4,32.2,78.9,0.91,30.1,34.33
Retail,Slab-on-grade,1.3,57.2,0.48,0.39,0.62,2,2513.5,29.6,72.4,0.33,NaN,41.87
NaN,Pile/Pier,NaN,65.5,2.17,1.77,0.0,3,10389.0,24.1,80.9,2.35,85.0,30.03
Retail,Basement,1.6,71.9,0.52,0.38,1.08,1,2460.8,16.7,88.0,0.54,54.4,35.05
Warehouse,Raised slab,2.52,109.5,NaN,0.74,1.8,1,38520.5,19.5,78.7,0.66,80.1,21.84
Warehouse,Raised slab,2.43,NaN,1.1,0.83,1.04,2,31918.8,2.0,94.0,1.01,73.7,29.34
Retail,Pile/Pier,2.98,129.3,1.07,1.91,0.6,NaN,11332.6,26.5,79.3,1.39,55.9,42.79
Healthcare,Slab-on-grade,2.13,91.9,0.94,0.27,1.48,3,22406.7,11.2,91.3,1.77,NaN,28.1
Healthcare,Raised slab,3.19,142.1,0.99,0.67,1.31,6,27324.1,9.5,NaN,1.71,87.7,30.86
Office,Pile/Pier,4.2,177.6,1.85,1.96,0.0,NaN,2979.9,41.2,76.9,1.48,58.7,51.09
Warehouse,Basement,2.29,106.0,0.92,0.22,1.49,1,13478.6,46.3,71.8,1.4,73.5,32.5
School,Basement,0.96,26.9,0.95,NaN,0.63,2,9359.6,NaN,66.8,0.57,54.2,21.17
Warehouse,Raised slab,0.38,21.4,0.0,0.7,1.59,1,19247.4,2.0,99.0,1.28,85.9,0.0
Retail,Slab-on-grade,2.9,119.1,1.21,0.35,0.0,1,1422.9,13.2,95.2,1.17,53.8,87.07
Warehouse,NaN,1.29,67.4,0.62,0.27,1.31,1,11579.2,39.1,79.6,1.06,69.1,0.0
Retail,Raised slab,2.65,111.3,0.81,0.56,0.83,1,1085.4,13.3,89.8,0.84,NaN,72.22
Office,Raised slab,1.17,30.0,1.23,0.85,NaN,NaN,4479.0,34.0,71.0,1.01,NaN,0.0
Warehouse,Raised slab,2.2,93.6,0.98,0.69,0.18,2,NaN,32.8,76.0,0.86,68.6,37.31
Office,Pile/Pier,NaN,NaN,0.8,1.74,0.0,2,1820.0,20.6,88.0,1.44,52.6,14.06
Retail,Slab-on-grade,2.69,115.9,1.1,0.34,0.0,1,1248.8,29.6,82.8,1.03,52.3,89.38
Warehouse,Raised slab,3.17,129.2,1.48,0.51,1.8,2,5376.7,2.7,99.0,1.93,84.5,21.59
Warehouse,Slab-on-grade,NaN,58.0,2.1,0.53,1.27,2,11762.6,14.4,90.4,0.49,83.4,29.45
School,Basement,2.48,116.3,1.41,0.25,0.46,3,5772.6,37.4,85.4,NaN,21.6,81.19
School,NaN,1.23,56.9,0.99,0.43,1.5,2,19902.2,4.9,92.5,1.39,66.8,0.0
Retail,Raised slab,2.58,107.8,0.82,0.85,1.44,NaN,3624.6,34.6,79.6,0.85,NaN,56.79
Retail,Pile/Pier,0.78,44.7,0.22,1.32,0.0,2,4770.2,27.7,81.8,0.98,35.6,2.38
Retail,Slab-on-grade,4.23,176.9,1.48,0.41,1.38,2,1283.4,36.3,74.8,1.12,50.3,89.82
Healthcare,Pile/Pier,1.5,63.1,0.9,NaN,0.0,4,35000.0,28.1,85.7,1.94,47.5,0.0
Healthcare,Pile/Pier,0.33,19.5,0.17,1.01,0.08,8,35000.0,44.1,75.0,1.68,55.9,0.0
Healthcare,Slab-on-grade,1.92,87.3,1.11,0.39,1.48,3,13285.1,26.8,80.2,1.96,73.9,16.72
Healthcare,Slab-on-grade,3.4,81.8,1.57,0.3,1.08,10,17838.4,19.0,89.5,1.88,51.0,31.35
Office,Pile/Pier,2.79,NaN,1.37,1.66,0.0,6,NaN,40.2,74.9,0.58,43.9,19.35
School,Pile/Pier,2.28,94.5,0.76,1.74,NaN,3,9194.9,41.2,74.3,1.11,44.9,17.22
Office,Slab-on-grade,3.72,90.0,2.38,0.04,0.0,7,NaN,38.9,55.9,0.43,62.1,92.53
School,Slab-on-grade,2.35,109.7,1.2,0.43,0.0,3,8159.2,32.7,66.1,1.14,72.0,46.4
Retail,Slab-on-grade,1.7,43.2,0.81,0.28,NaN,1,4301.2,17.5,77.6,1.13,53.1,69.22
Warehouse,Pile/Pier,0.97,43.5,0.34,2.27,0.0,1,1807.5,13.4,88.4,1.57,73.4,0.0
Retail,Slab-on-grade,1.67,73.1,0.94,0.27,1.3,1,6579.8,7.0,83.2,1.2,58.0,22.54
Office,Basement,1.25,60.4,0.8,0.29,0.0,3,8934.3,69.5,59.9,0.91,53.8,48.1
Office,Basement,0.95,NaN,0.54,0.18,0.0,5,7410.9,15.6,92.1,0.67,52.0,20.59
Healthcare,Slab-on-grade,3.49,143.0,1.46,0.19,0.7,4,19288.0,15.3,97.3,1.12,NaN,74.06
School,Basement,1.73,90.7,0.54,0.19,0.83,2,17169.1,19.8,85.0,1.02,50.6,45.47
Office,Raised slab,1.02,49.9,0.72,0.78,0.71,4,5744.9,NaN,70.3,0.44,43.6,9.57
Office,Pile/Pier,2.29,105.1,0.68,1.13,0.1,6,6280.7,32.7,70.6,0.63,49.9,23.63
Healthcare,Raised slab,2.6,58.7,1.3,0.86,1.3,NaN,25941.4,42.5,74.4,1.67,70.3,56.42
Office,Basement,NaN,NaN,1.3,0.44,1.27,3,16318.6,25.9,72.4,1.58,66.0,58.1
Warehouse,Raised slab,4.42,180.9,1.72,0.75,0.17,1,5655.5,28.5,85.2,0.56,74.8,81.37
Healthcare,Slab-on-grade,3.91,167.1,1.8,0.31,1.17,6,31016.9,13.3,99.0,1.95,80.8,58.1
Office,Slab-on-grade,NaN,NaN,1.27,0.15,1.12,2,NaN,76.6,48.6,1.05,48.4,74.11
Office,Raised slab,2.84,NaN,2.38,0.77,1.76,5,8696.9,16.6,71.7,1.37,48.9,25.37
Warehouse,Slab-on-grade,1.14,28.5,1.36,0.38,NaN,1,6472.8,29.0,72.8,0.99,85.2,0.0
Retail,Pile/Pier,1.03,43.7,0.7,1.32,0.0,1,5771.7,37.5,64.0,NaN,43.1,0.0
Retail,Pile/Pier,2.65,NaN,0.93,1.7,0.6,3,3644.4,34.2,63.6,1.57,41.2,26.48
Warehouse,Slab-on-grade,0.61,NaN,0.95,0.41,0.0,1,11529.1,21.0,74.3,1.03,63.4,4.26
Warehouse,NaN,1.78,77.4,0.69,0.81,NaN,1,34956.9,21.9,85.0,1.33,74.1,26.5
Warehouse,Raised slab,0.5,27.1,0.19,0.63,0.0,1,6680.8,NaN,84.6,0.43,58.9,0.0
Healthcare,Pile/Pier,0.69,37.6,0.16,1.16,0.56,5,31437.8,22.9,70.7,1.48,44.5,2.78
Retail,Slab-on-grade,0.96,26.8,1.28,0.19,0.98,2,2277.1,42.5,64.3,0.57,28.1,0.73
Office,Raised slab,1.06,56.2,0.45,0.55,1.07,3,9963.2,NaN,NaN,0.98,28.9,0.0
Healthcare,Slab-on-grade,1.79,73.7,0.59,0.06,0.0,3,NaN,NaN,81.1,1.4,44.3,57.8
School,Basement,2.32,53.0,1.59,0.22,0.17,2,8759.4,NaN,93.1,NaN,NaN,74.98
Retail,Raised slab,0.72,21.7,0.92,0.66,NaN,2,NaN,26.7,76.9,0.77,NaN,0.7
Warehouse,Slab-on-grade,3.39,76.5,1.77,0.28,0.97,2,8228.2,65.3,55.7,0.94,67.6,63.55
Office,Slab-on-grade,2.15,94.4,1.6,0.41,NaN,4,22410.0,23.5,76.6,1.44,49.2,47.54
School,Basement,2.56,132.6,0.82,0.25,0.95,2,7430.0,59.9,62.0,NaN,35.5,90.38
Office,Raised slab,2.06,89.5,1.28,0.74,1.47,2,11760.1,68.2,51.5,1.64,62.7,29.35
Retail,Slab-on-grade,1.3,65.5,0.41,NaN,1.14,1,1939.2,19.7,67.1,0.84,54.6,8.4
Office,Basement,1.06,26.0,1.01,0.28,0.33,2,3138.1,48.2,65.8,0.62,43.3,30.87
Office,Raised slab,1.91,NaN,0.82,0.87,1.37,2,6815.6,67.3,50.3,1.59,69.0,22.81
Office,Basement,4.25,98.3,2.52,0.49,0.96,2,6380.8,NaN,65.1,NaN,42.9,100.0
NaN,Raised slab,NaN,106.9,0.73,0.64,0.0,NaN,15297.2,NaN,80.9,1.26,63.0,48.37
Healthcare,Raised slab,0.93,27.9,0.46,0.69,0.0,NaN,NaN,16.9,87.2,1.72,48.5,9.33
School,Basement,2.28,98.1,1.14,0.39,0.68,4,22190.6,14.7,79.3,1.18,49.5,50.04
NaN,Slab-on-grade,1.63,42.8,1.19,0.11,0.9,1,21875.9,13.6,88.6,0.79,70.4,26.91
Retail,Slab-on-grade,3.69,151.8,1.26,0.54,1.25,2,6635.2,9.6,89.7,0.64,29.7,83.66
Retail,Pile/Pier,NaN,54.9,0.51,NaN,0.37,2,NaN,28.5,76.1,0.65,45.8,1.2
NaN,NaN,2.73,120.9,0.86,0.53,1.69,NaN,23008.8,11.7,92.0,1.52,NaN,23.48
Office,Raised slab,2.27,97.5,0.71,0.65,1.0,2,3333.2,42.2,58.0,0.7,56.7,44.87
Warehouse,NaN,1.98,46.2,1.64,0.17,0.0,1,9997.8,2.0,99.0,0.9,93.3,40.59
Office,Basement,2.42,56.8,1.07,0.21,0.0,1,3373.8,44.0,71.3,0.9,45.5,100.0
Warehouse,Raised slab,1.84,89.1,0.48,0.84,0.0,1,5549.3,37.3,NaN,1.17,74.5,24.37
Office,Basement,0.75,44.1,0.64,0.5,0.0,NaN,2540.9,2.1,94.8,1.82,47.4,7.46
Warehouse,Raised slab,0.35,27.0,0.4,0.51,0.0,1,26283.5,30.0,78.1,NaN,67.2,0.39
School,Slab-on-grade,0.86,54.2,0.9,0.14,0.0,1,5891.6,52.9,62.1,1.21,45.2,42.37
Warehouse,Slab-on-grade,0.8,23.1,1.19,0.33,0.94,2,11028.1,4.6,99.0,1.46,56.0,1.36
Office,Basement,3.78,160.5,1.84,0.33,0.0,5,4415.7,68.1,40.7,0.51,34.2,79.64
School,Pile/Pier,NaN,NaN,0.69,1.23,0.37,2,8786.9,39.1,61.8,1.27,50.0,18.73
Warehouse,Slab-on-grade,2.0,86.1,0.83,0.57,1.34,2,9347.7,12.7,73.9,1.65,87.1,19.21
School,Raised slab,0.28,24.2,0.29,0.51,1.1,2,18937.2,31.1,77.3,0.95,62.6,0.0
School,Slab-on-grade,2.08,98.9,NaN,0.4,0.0,1,6230.2,41.5,75.5,1.3,46.9,83.42
Healthcare,Slab-on-grade,1.5,64.7,0.79,0.38,1.17,4,35000.0,26.1,87.0,1.27,71.8,15.11
Retail,Slab-on-grade,1.41,65.7,0.5,0.41,1.48,2,6596.5,36.1,71.5,0.66,57.8,1.96
School,NaN,NaN,79.0,0.49,0.22,1.57,4,10436.0,16.3,88.6,0.72,56.4,0.33
School,Basement,2.24,NaN,1.45,0.05,0.3,1,9821.4,34.9,71.2,0.92,40.8,100.0
Warehouse,Raised slab,3.08,142.4,0.95,0.8,1.8,1,16052.7,2.0,99.0,1.52,91.2,29.16
Office,Slab-on-grade,NaN,92.3,0.89,0.34,0.0,3,8197.4,36.0,83.3,1.31,55.8,52.91
Retail,Slab-on-grade,1.93,87.2,0.88,0.17,0.0,2,NaN,14.4,77.0,NaN,32.6,63.01
Warehouse,Pile/Pier,0.45,23.3,0.12,2.11,0.0,1,12717.5,12.2,88.1,1.66,95.0,1.51
Warehouse,Slab-on-grade,1.91,79.9,0.83,0.24,0.74,1,NaN,43.8,68.2,0.28,46.1,44.44
Retail,Raised slab,1.53,75.4,0.71,0.36,0.18,2,4891.5,44.4,74.3,NaN,28.9,53.52
School,Raised slab,NaN,78.7,2.17,0.77,0.0,2,8875.8,42.4,66.0,0.98,58.7,83.66
Retail,Raised slab,2.37,104.1,NaN,0.66,0.79,1,523.4,NaN,91.3,0.71,46.6,56.26
Office,Raised slab,1.05,46.4,0.21,0.5,NaN,3,NaN,32.3,64.8,0.94,50.0,15.81
Retail,Slab-on-grade,1.43,63.4,0.48,0.36,0.0,1,1796.0,NaN,72.5,0.21,5.0,72.72
Retail,Slab-on-grade,0.52,16.1,0.75,0.59,NaN,NaN,2119.1,30.1,82.0,1.53,40.3,2.79
NaN,Slab-on-grade,2.49,106.9,0.89,0.14,0.0,4,13269.9,71.4,53.6,1.08,48.9,60.7
NaN,Basement,1.39,65.4,0.65,0.28,1.31,8,3727.3,45.1,75.0,0.92,46.6,5.81
Warehouse,Raised slab,1.04,56.2,0.53,0.77,1.68,1,12300.8,27.1,77.2,1.09,78.6,0.99
Warehouse,Slab-on-grade,3.78,163.7,1.62,0.6,0.0,1,8940.9,19.1,79.7,1.79,90.4,80.27
Healthcare,Slab-on-grade,NaN,82.7,1.78,NaN,1.53,8,20660.2,26.9,97.2,2.26,80.2,32.61
School,Raised slab,1.9,46.7,1.3,0.49,1.31,2,10223.7,29.4,74.3,1.07,45.4,21.96
Retail,Raised slab,1.16,55.8,0.83,0.41,0.56,2,1207.9,38.6,73.3,0.29,29.2,25.94
Warehouse,Pile/Pier,4.06,168.7,1.75,1.6,0.0,1,11766.7,39.3,78.3,NaN,75.2,60.54
Healthcare,Pile/Pier,NaN,107.2,1.27,1.6,0.36,7,34777.2,14.0,97.0,1.69,70.2,18.49
Office,Basement,4.17,180.9,1.76,0.27,0.96,4,6954.9,14.0,92.5,1.64,63.3,71.43
Warehouse,Raised slab,1.34,34.6,0.85,0.71,0.87,2,23138.2,2.0,98.5,1.23,79.6,10.24
Warehouse,Pile/Pier,4.43,183.4,2.03,1.65,0.0,2,30114.7,32.1,84.1,0.73,81.0,60.75
Warehouse,Pile/Pier,2.98,124.7,0.96,1.99,0.54,1,10542.3,6.3,94.3,1.37,65.0,25.18
Healthcare,Raised slab,3.68,84.5,1.68,0.81,1.44,6,35000.0,2.0,98.6,1.74,72.6,36.8
School,Slab-on-grade,0.54,26.7,0.26,0.28,0.95,3,11126.4,38.6,62.6,0.8,29.7,3.06
Retail,Slab-on-grade,1.07,80.4,0.61,0.28,1.1,1,NaN,65.4,57.9,0.48,NaN,1.12
Warehouse,Slab-on-grade,0.85,37.9,0.65,0.07,0.44,1,8477.5,23.9,86.7,0.22,67.3,15.05
Warehouse,Basement,0.64,33.5,0.48,0.25,0.89,1,NaN,37.4,65.0,0.49,NaN,2.14
Office,Basement,NaN,40.4,1.21,0.32,0.0,NaN,9372.5,39.5,70.3,NaN,71.0,46.56
Office,Slab-on-grade,3.92,174.1,1.78,0.26,1.59,3,5164.2,36.2,77.4,0.93,55.0,63.95
Retail,Basement,4.66,107.6,2.56,0.07,0.73,2,2222.8,41.8,77.0,0.92,32.1,100.0
Warehouse,Pile/Pier,2.8,123.3,0.92,1.38,0.06,1,30671.0,19.4,76.4,0.81,67.5,36.85
Warehouse,Slab-on-grade,3.37,146.0,1.91,0.28,1.24,2,4878.8,28.3,84.4,1.0,50.8,55.06
Office,Basement,4.88,204.4,2.22,0.42,0.0,2,3076.2,43.8,66.9,1.43,47.5,100.0
School,Raised slab,2.92,129.0,NaN,0.86,0.77,1,13079.5,20.6,77.4,1.01,56.9,73.39
Retail,Pile/Pier,0.99,47.3,0.56,1.68,0.0,2,9610.4,42.9,62.6,0.96,45.1,2.12
Warehouse,Pile/Pier,1.36,62.5,0.36,1.12,0.28,NaN,NaN,21.2,76.0,0.6,62.0,13.41
Warehouse,Raised slab,3.6,152.6,1.42,0.67,1.46,1,13293.3,11.9,92.7,1.03,67.8,54.36
Warehouse,Pile/Pier,3.07,NaN,1.26,1.46,0.0,1,9104.1,32.6,76.1,0.88,56.4,46.67
Retail,Pile/Pier,2.25,99.1,0.85,1.84,0.0,1,3876.3,14.5,89.0,1.11,47.6,21.12
Retail,Raised slab,2.36,97.4,1.14,1.1,1.11,2,3598.8,NaN,69.9,1.02,54.8,42.81
Retail,Slab-on-grade,2.49,101.6,1.04,0.18,1.21,2,2117.5,27.9,80.2,0.98,39.1,56.92
Office,Basement,1.67,72.8,0.5,0.13,0.14,NaN,4353.5,57.5,63.5,1.04,NaN,53.38
Warehouse,Slab-on-grade,1.32,63.7,0.37,0.46,0.0,2,7257.6,31.6,68.4,1.33,83.9,20.07
Warehouse,Slab-on-grade,2.26,52.0,1.24,0.27,0.95,2,NaN,23.6,90.2,0.91,69.8,27.91
Warehouse,Pile/Pier,1.2,NaN,1.43,1.7,0.0,1,12498.7,37.1,76.7,0.85,77.1,2.52
Warehouse,Basement,2.78,134.7,1.1,0.5,0.0,3,45000.0,46.2,74.3,NaN,75.9,51.19
School,Raised slab,2.27,104.7,1.12,0.52,0.06,3,8612.1,41.5,81.2,1.62,64.8,48.36
Healthcare,Slab-on-grade,2.98,69.5,2.42,NaN,0.99,3,16649.0,25.1,90.1,1.42,67.0,66.46
Warehouse,Slab-on-grade,4.28,175.8,1.52,0.24,0.82,1,26944.1,3.0,91.2,0.71,92.2,87.94
Warehouse,Slab-on-grade,0.62,36.2,0.4,0.34,1.5,1,39484.1,7.0,97.2,1.3,86.6,1.89
Office,Slab-on-grade,1.73,82.6,1.09,0.23,0.72,2,5764.7,32.5,62.6,1.56,NaN,40.33
Retail,Pile/Pier,0.85,46.2,0.32,2.47,0.22,2,2860.0,18.9,86.0,1.18,32.8,0.0
Office,NaN,2.43,101.1,0.95,0.56,NaN,3,3978.0,34.6,85.8,0.79,44.0,45.58
Warehouse,Slab-on-grade,2.35,102.7,1.12,0.17,0.73,2,NaN,24.9,74.2,0.99,68.3,39.58
School,Raised slab,0.78,42.9,0.92,0.66,1.09,3,7300.8,41.0,78.1,1.13,63.6,0.0
Office,Pile/Pier,NaN,19.4,NaN,2.14,0.0,4,6217.8,36.7,88.2,1.74,45.4,0.0
Healthcare,Raised slab,1.94,45.2,1.14,0.46,0.87,6,23616.1,31.8,83.5,1.75,66.2,26.92
School,Slab-on-grade,3.33,145.7,1.24,NaN,0.0,1,11431.3,33.1,85.8,1.04,NaN,100.0
NaN,Slab-on-grade,1.41,64.6,0.53,0.38,0.0,1,2481.6,2.0,78.7,0.73,53.5,55.69
Office,Basement,3.98,167.1,1.25,0.44,1.03,4,3944.1,21.1,75.7,1.05,NaN,70.48
Healthcare,Basement,1.74,88.0,0.76,0.38,0.0,1,15181.7,23.0,96.7,1.62,70.5,78.21
School,Raised slab,3.32,141.9,1.39,0.94,NaN,1,29291.2,11.4,93.2,0.32,45.8,84.06
Healthcare,Raised slab,3.48,NaN,2.2,1.1,1.8,8,26579.8,33.4,84.8,1.5,81.2,32.46
School,Slab-on-grade,3.09,73.0,1.74,0.19,1.61,3,12444.9,58.0,63.2,1.63,67.6,48.21
Warehouse,Slab-on-grade,1.89,81.7,0.86,0.09,0.55,1,20189.9,43.5,72.9,0.87,62.1,47.3
School,Raised slab,3.44,78.8,1.77,0.76,1.0,3,8723.8,28.4,90.6,0.86,84.2,57.05
School,Slab-on-grade,1.47,NaN,1.36,0.39,0.0,3,21938.6,57.3,60.3,0.85,24.1,44.77
Warehouse,Slab-on-grade,1.02,46.3,0.32,NaN,1.71,1,NaN,NaN,85.8,0.94,69.0,2.03
NaN,Slab-on-grade,3.88,161.4,1.83,0.24,1.21,NaN,2184.5,22.9,NaN,1.31,38.2,100.0
NaN,Slab-on-grade,0.61,32.5,NaN,0.17,0.99,7,6775.1,27.0,73.5,0.79,54.1,0.97
Office,Basement,2.96,128.4,1.53,0.18,1.8,3,5607.3,32.6,72.1,1.6,30.1,43.85
Healthcare,Slab-on-grade,4.03,180.4,1.68,0.42,1.08,NaN,7437.5,19.6,97.5,1.57,80.6,75.7
School,Slab-on-grade,2.12,95.1,0.99,0.18,0.72,2,19647.6,34.9,NaN,0.62,57.8,58.07
Healthcare,Slab-on-grade,3.14,135.9,1.34,0.35,1.42,7,33905.9,27.2,78.7,1.53,70.9,41.72
Office,Pile/Pier,1.31,61.9,0.38,1.13,0.0,2,8233.5,38.1,70.4,1.48,45.9,6.1
Office,Pile/Pier,1.4,33.9,1.02,2.0,0.0,3,12529.8,45.9,62.6,1.48,62.2,0.71
Office,Raised slab,3.32,148.0,1.33,0.65,0.64,2,2954.5,59.4,66.6,0.56,42.8,86.44
Retail,Slab-on-grade,2.71,65.2,2.09,0.09,0.79,4,987.3,42.2,65.3,NaN,48.3,50.96
School,Slab-on-grade,1.79,81.4,0.93,NaN,0.78,1,14847.6,6.8,88.6,0.41,55.8,52.59
NaN,Raised slab,1.01,28.6,1.56,0.73,1.53,2,2804.3,2.0,97.6,0.72,52.4,3.55
Retail,Slab-on-grade,0.46,29.3,0.35,0.22,0.67,3,1960.8,42.0,56.4,0.61,53.8,0.99
NaN,Pile/Pier,NaN,63.8,0.81,NaN,0.0,1,16705.6,2.1,95.0,1.08,87.7,5.71
Retail,Raised slab,1.08,58.0,0.63,0.69,1.79,4,19336.8,NaN,80.4,1.64,53.5,2.13
School,Pile/Pier,2.92,124.2,1.2,1.8,0.0,4,12528.8,12.1,86.9,0.82,67.4,28.28
Healthcare,Slab-on-grade,4.18,185.9,1.89,NaN,1.34,8,NaN,2.0,NaN,NaN,NaN,43.73
Retail,Pile/Pier,2.05,84.2,0.83,1.3,0.0,1,1542.7,NaN,64.8,NaN,40.9,40.37
School,NaN,1.72,45.1,1.16,2.02,0.6,3,4995.3,44.9,72.2,1.31,69.6,0.0
Warehouse,Slab-on-grade,1.79,82.9,0.56,0.33,1.28,2,25255.0,14.8,81.1,1.18,73.2,12.02
Warehouse,Slab-on-grade,1.5,65.4,0.81,0.01,0.0,3,22687.2,2.0,93.6,1.38,60.8,25.13
Office,NaN,4.35,189.1,1.66,0.2,0.54,2,3436.7,28.2,72.0,0.87,46.1,100.0
Warehouse,Slab-on-grade,3.77,NaN,1.74,0.25,1.04,2,43975.0,30.3,72.8,1.02,53.9,71.12
School,Raised slab,3.65,165.4,1.48,0.61,NaN,NaN,4134.4,6.9,93.5,1.4,54.4,64.17
Office,Basement,NaN,44.7,1.1,0.41,1.39,2,2257.2,41.3,67.9,1.02,63.6,2.67
Retail,Slab-on-grade,1.72,77.2,0.56,0.14,1.62,1,2014.4,NaN,86.1,NaN,NaN,6.61
Warehouse,Pile/Pier,4.5,185.4,2.15,1.25,0.0,2,10379.0,33.3,72.8,0.8,34.2,62.2
School,Slab-on-grade,2.39,102.3,NaN,0.11,NaN,2,20785.6,34.0,83.2,1.39,64.8,79.87
NaN,Pile/Pier,1.53,41.6,1.54,1.38,0.12,2,3429.8,13.4,77.7,0.62,37.5,6.56
School,Raised slab,2.68,114.4,0.94,0.86,0.0,5,13484.3,52.3,61.8,1.58,64.8,35.99
Office,Basement,2.07,46.1,1.83,0.27,0.83,3,2566.2,35.1,61.7,1.18,59.7,44.17
Office,Raised slab,4.22,98.3,2.39,0.49,NaN,4,10688.9,37.5,67.3,0.53,43.2,87.58
Office,Slab-on-grade,2.49,113.1,1.22,0.31,0.0,3,2761.5,21.2,81.1,1.12,31.9,61.44
Office,Pile/Pier,0.1,NaN,0.0,1.67,0.2,3,2559.7,30.0,NaN,1.28,29.8,2.66
NaN,Raised slab,2.51,62.0,1.19,0.73,0.85,5,5295.9,22.1,85.7,0.47,42.3,29.44
Office,Basement,1.49,79.5,0.69,0.35,NaN,7,8795.0,NaN,76.8,0.87,41.9,15.8
School,Basement,3.17,134.7,1.1,0.46,1.0,2,6969.3,61.1,68.3,NaN,61.8,86.44
Office,Basement,2.0,101.5,1.14,0.36,1.57,5,9737.0,13.3,81.4,1.58,63.7,14.09
Retail,Raised slab,0.26,NaN,0.83,0.47,1.8,1,2354.3,3.8,91.0,1.71,86.2,2.58
Warehouse,Basement,1.41,74.5,0.51,0.4,1.11,1,23319.1,47.5,61.0,0.7,44.6,11.56
Retail,Slab-on-grade,2.11,90.9,0.66,0.49,NaN,2,4508.8,24.9,82.3,0.75,52.9,21.13
Healthcare,Basement,2.17,62.8,1.47,0.61,1.44,2,34798.8,15.6,99.0,1.56,61.6,41.54
Office,Pile/Pier,2.95,129.2,1.08,2.06,0.0,2,3481.4,56.7,54.8,1.14,52.7,33.69
Office,Slab-on-grade,0.5,29.0,0.38,0.23,0.0,4,9353.4,NaN,83.6,1.28,73.6,5.7
Office,Raised slab,3.63,81.6,1.9,0.79,0.0,NaN,NaN,70.9,63.7,NaN,73.1,91.89
Office,Basement,4.51,190.8,2.12,0.22,0.47,3,25000.0,50.2,57.6,0.62,39.7,100.0
NaN,Slab-on-grade,0.65,31.0,0.45,0.19,0.0,2,5362.0,20.7,81.6,0.62,NaN,23.3
Office,Basement,1.46,69.6,NaN,0.33,1.14,4,4995.8,76.8,50.0,0.98,50.8,13.49
Office,Slab-on-grade,NaN,113.7,0.98,0.48,0.05,7,NaN,27.1,79.0,1.51,44.0,30.89
Office,Basement,1.62,44.2,1.08,0.1,0.63,4,5133.0,51.4,61.9,1.41,44.9,29.33
Retail,Slab-on-grade,3.0,72.8,1.72,0.17,0.85,1,8415.4,32.5,72.3,0.57,38.8,100.0
Office,Basement,2.35,103.1,0.59,0.47,1.59,NaN,13179.1,NaN,68.4,0.72,47.2,21.34
NaN,Pile/Pier,1.63,83.5,0.92,2.13,0.22,2,2552.3,51.4,64.1,1.0,36.1,3.28
NaN,Slab-on-grade,2.55,121.1,1.36,0.17,0.96,NaN,4505.3,32.5,71.3,0.64,52.3,87.07
Healthcare,Basement,4.06,168.5,1.48,0.54,1.45,3,30936.8,14.5,91.5,1.47,75.9,83.3
Office,Pile/Pier,0.97,34.5,0.96,1.61,0.0,5,10467.5,46.3,51.4,0.36,49.3,3.29
Healthcare,Pile/Pier,3.29,149.1,1.5,1.78,0.33,5,31743.9,15.5,85.3,1.87,78.1,32.72
School,Pile/Pier,3.26,136.0,1.18,0.8,0.0,3,11133.9,66.2,NaN,0.43,53.7,54.52
Office,Raised slab,2.64,109.8,1.42,0.3,0.0,5,5597.3,40.5,68.7,0.9,69.1,43.16
Warehouse,Pile/Pier,4.45,194.7,1.67,NaN,0.0,2,43333.4,18.2,82.9,1.1,71.5,49.57
Warehouse,Slab-on-grade,4.7,108.7,2.09,0.37,0.57,3,45000.0,27.0,80.6,0.58,78.4,91.08
Office,Slab-on-grade,2.75,117.0,1.13,0.34,1.41,4,8361.4,13.8,89.8,0.84,74.2,41.93
Retail,Slab-on-grade,2.6,114.8,0.97,0.22,0.69,1,4992.5,13.4,93.0,0.49,57.2,86.12
Warehouse,Slab-on-grade,3.22,81.0,1.88,0.27,0.0,2,15713.7,43.2,68.2,1.21,75.8,66.5
Healthcare,Pile/Pier,3.55,146.1,1.43,1.48,0.53,4,11109.8,15.8,85.0,0.96,40.6,43.99
Office,Raised slab,3.13,134.6,1.43,0.76,1.39,NaN,3850.5,19.2,83.9,0.88,56.6,33.43
Office,Basement,1.88,85.6,0.92,0.29,0.72,7,15102.0,47.7,73.2,0.38,NaN,34.52
Retail,Basement,NaN,59.7,0.54,0.25,0.71,2,7150.6,45.8,64.7,0.39,49.6,15.58
School,Basement,1.34,37.2,1.39,0.04,0.69,3,19666.8,44.2,82.5,0.59,32.0,31.95
School,Raised slab,2.44,109.8,1.0,0.75,0.0,2,11877.1,48.9,68.7,1.59,60.0,55.41
Retail,Raised slab,1.51,37.5,1.15,0.68,0.0,1,5370.0,16.6,95.2,0.8,59.0,37.74
Retail,Slab-on-grade,2.08,94.4,0.94,0.48,0.0,1,2694.4,NaN,84.1,1.06,49.5,77.38
Healthcare,Slab-on-grade,0.42,24.2,0.4,0.17,1.22,6,33885.9,46.0,62.1,1.9,62.1,0.0
Office,Pile/Pier,1.2,56.2,0.61,1.79,0.0,5,5897.3,32.2,76.3,NaN,57.5,1.34
Office,Slab-on-grade,1.07,54.3,0.43,0.32,0.75,NaN,3690.8,33.5,81.9,1.14,NaN,10.93
Healthcare,Slab-on-grade,0.48,28.1,0.37,0.18,0.0,3,26649.1,NaN,67.4,1.16,57.0,14.63
Warehouse,Pile/Pier,1.01,51.2,0.51,1.28,0.58,1,27246.4,NaN,73.1,1.25,78.6,1.52
School,Raised slab,4.27,189.1,1.92,0.75,0.0,3,30000.0,NaN,78.6,0.73,50.8,81.83
School,Basement,0.87,41.5,0.38,NaN,0.0,2,11399.8,68.8,60.5,1.01,23.4,34.78
Office,Raised slab,3.48,143.9,1.13,0.72,0.8,4,3304.4,26.4,73.9,0.88,55.5,53.3
Retail,Slab-on-grade,3.73,155.3,NaN,0.22,0.0,2,2734.4,41.9,60.2,0.17,33.3,100.0
School,Raised slab,NaN,83.5,1.92,0.51,1.8,3,10847.4,33.0,84.6,1.14,74.1,46.82
Office,Raised slab,2.52,121.3,0.96,0.74,0.95,3,5599.1,42.8,57.9,NaN,41.1,48.43
Retail,Raised slab,1.39,69.4,0.65,1.03,1.49,3,5133.5,50.9,73.3,1.31,50.5,4.04
Retail,Basement,2.12,NaN,1.14,0.18,1.13,1,3468.9,NaN,76.9,0.81,44.8,73.33
Office,Basement,NaN,133.8,1.38,0.42,0.8,8,13431.3,47.7,49.5,0.62,31.8,50.18
Retail,Pile/Pier,2.44,NaN,1.09,1.6,0.07,1,3140.9,44.1,65.2,NaN,18.7,46.39
Office,Slab-on-grade,3.02,141.0,1.52,0.11,1.1,1,1094.0,31.4,61.2,0.93,50.7,90.15
Retail,Raised slab,1.68,73.0,0.74,0.72,1.6,3,4435.0,15.4,76.7,1.15,67.9,2.33
Office,Basement,2.76,74.4,1.78,0.11,0.95,2,4656.9,19.2,78.1,1.09,NaN,76.35
Warehouse,Pile/Pier,4.18,175.1,1.61,1.63,0.19,2,19578.9,2.0,85.0,1.09,71.6,49.3
School,Slab-on-grade,1.3,NaN,1.02,0.37,0.0,3,9690.3,67.0,74.2,1.54,62.7,29.44
Healthcare,Basement,NaN,52.6,NaN,0.14,1.32,8,33904.4,9.6,98.0,1.5,76.6,0.0
Healthcare,Pile/Pier,0.68,35.0,0.0,1.56,0.11,10,35000.0,21.9,94.0,1.44,63.2,0.5
School,Slab-on-grade,0.76,34.9,0.18,0.35,0.0,2,NaN,27.3,78.0,1.34,58.7,17.22
Office,Pile/Pier,1.85,48.0,1.37,1.51,0.0,5,9571.6,43.5,NaN,0.67,47.1,10.15
School,Slab-on-grade,2.32,103.4,0.8,0.3,NaN,1,8668.7,45.9,79.1,1.08,NaN,63.27
School,Basement,1.38,80.9,0.62,0.17,0.52,NaN,10804.0,46.6,72.3,1.11,41.0,42.58
Healthcare,Pile/Pier,0.59,30.5,0.33,1.53,0.0,8,8229.6,16.8,92.3,1.48,87.5,1.48
Retail,Raised slab,2.7,69.4,1.72,0.65,0.0,1,1404.5,25.5,70.0,1.11,43.6,86.31
Office,Raised slab,1.25,58.2,0.54,0.87,0.0,4,3139.0,43.1,63.1,1.2,56.5,11.58
Retail,Slab-on-grade,2.78,65.8,1.75,0.32,1.41,2,3791.5,24.3,81.0,0.9,40.5,60.2
Retail,NaN,1.13,54.8,0.29,1.83,0.34,2,7141.8,52.1,66.5,1.17,42.5,0.26
School,Raised slab,2.24,96.3,1.09,0.48,0.97,5,13996.3,NaN,64.8,NaN,55.7,33.76
School,Slab-on-grade,2.54,112.8,0.63,0.15,1.22,1,12791.8,NaN,72.8,1.14,31.9,80.7
Retail,Raised slab,0.53,16.8,1.17,0.48,0.0,2,4913.2,37.9,62.5,0.67,33.8,1.8
Warehouse,Raised slab,3.34,NaN,1.54,0.67,1.38,2,14690.4,42.8,72.4,1.33,NaN,45.62
School,Slab-on-grade,1.79,73.1,0.99,0.51,1.21,2,13310.8,NaN,64.3,0.97,35.6,30.97
Office,Raised slab,2.66,NaN,1.69,0.64,0.0,1,4258.8,14.7,95.6,1.3,59.0,70.14
Office,Slab-on-grade,2.21,104.5,0.92,0.35,NaN,4,5437.4,45.2,67.2,1.41,50.7,21.34
NaN,Basement,1.86,NaN,1.14,0.37,1.01,NaN,6398.3,26.3,73.8,NaN,67.4,32.88
Office,Basement,2.06,47.1,1.69,0.17,1.11,2,9838.5,28.5,69.5,0.9,36.9,51.42
Office,Basement,1.29,30.6,1.5,0.21,0.0,6,9493.6,48.6,56.2,0.73,42.9,30.11
Office,Basement,2.18,103.0,0.73,NaN,NaN,4,6628.9,60.3,NaN,0.27,NaN,54.0
Retail,NaN,1.6,67.5,0.74,NaN,0.6,3,2286.0,28.3,83.4,0.93,25.6,2.06
Office,Basement,1.39,69.3,0.22,0.08,1.24,NaN,15948.1,43.6,76.5,1.19,58.5,6.75
Warehouse,Slab-on-grade,2.12,97.2,0.73,0.4,NaN,2,4974.5,51.2,77.5,1.27,77.2,40.7
Office,Basement,2.61,NaN,1.51,0.27,NaN,1,1455.6,42.3,83.5,NaN,59.8,60.59
School,Raised slab,0.4,23.7,0.62,0.58,0.67,2,12028.9,76.2,59.5,0.75,31.8,0.0
NaN,Raised slab,1.17,61.2,0.22,0.79,0.0,1,1644.7,36.5,69.2,NaN,49.3,27.51
Warehouse,Raised slab,2.94,135.7,1.31,0.91,0.0,NaN,28549.4,2.0,94.8,0.68,80.5,41.26
Office,Raised slab,4.18,171.8,NaN,0.62,0.0,2,1758.8,51.6,NaN,NaN,58.6,83.03
Retail,Pile/Pier,2.33,103.3,1.22,2.05,0.6,1,4968.5,NaN,78.7,1.01,56.5,13.86
Warehouse,Slab-on-grade,2.05,91.9,1.23,0.16,1.54,1,NaN,44.6,72.6,0.61,82.9,18.8
Warehouse,Raised slab,3.42,143.2,1.82,0.57,0.55,1,12121.1,34.8,84.7,1.19,NaN,70.83
Warehouse,Slab-on-grade,1.96,88.8,0.85,0.21,NaN,1,2566.7,21.8,77.0,0.34,68.4,14.58
Office,Pile/Pier,1.66,70.9,0.83,1.72,0.17,4,2279.0,16.0,88.8,1.16,61.8,0.78
Office,Slab-on-grade,3.16,138.2,1.37,0.25,0.0,2,5066.3,34.2,67.8,1.24,63.0,89.47
Healthcare,Slab-on-grade,0.75,59.0,0.5,0.1,0.0,2,13994.5,13.1,88.8,1.23,NaN,31.17
Warehouse,NaN,1.51,68.2,0.75,0.25,0.0,1,NaN,14.7,77.5,1.58,94.7,32.87
School,Raised slab,2.66,115.6,1.51,0.38,1.56,3,11220.7,42.0,80.8,0.86,63.1,34.42
School,Raised slab,1.44,77.7,0.72,0.36,NaN,2,9244.2,60.4,67.1,0.94,35.8,48.0
Retail,Raised slab,1.84,49.5,1.08,0.69,0.0,1,650.7,33.9,68.8,0.13,24.8,58.27
Healthcare,Raised slab,0.92,NaN,0.58,0.7,1.46,5,NaN,8.3,96.3,2.15,73.4,1.02
Office,Slab-on-grade,2.38,107.9,1.16,0.23,0.39,3,3610.7,46.0,65.7,0.58,NaN,65.5
Retail,Slab-on-grade,1.6,67.0,0.56,0.49,NaN,3,3047.5,NaN,61.5,NaN,40.7,45.38
Retail,Pile/Pier,0.6,31.1,0.15,1.65,0.0,1,1468.4,18.9,83.0,1.22,50.5,0.0
School,Basement,2.45,NaN,1.24,0.35,0.75,3,5374.5,29.7,73.9,1.41,NaN,58.44
Office,Basement,1.01,47.7,0.36,0.28,1.05,7,18067.3,38.3,78.2,0.61,51.3,0.35
Office,Basement,3.97,168.3,1.58,0.69,0.0,6,11337.6,23.9,81.1,1.39,73.3,55.09
School,Raised slab,1.54,66.1,0.56,0.2,1.2,1,12561.7,43.0,87.0,0.91,44.4,14.27
Retail,Slab-on-grade,0.75,34.8,NaN,0.2,0.0,NaN,2450.1,26.2,76.7,0.67,63.8,32.77
School,Raised slab,2.17,90.9,NaN,0.78,0.0,3,4869.1,39.1,74.1,0.97,65.6,39.57
Office,Basement,4.22,175.5,1.87,0.2,0.56,2,14108.5,22.0,84.6,0.79,55.7,100.0
School,Pile/Pier,NaN,68.2,0.54,1.62,0.0,3,14339.4,24.6,85.9,0.84,30.7,3.21
School,Raised slab,1.63,42.8,1.2,0.68,0.0,3,12431.8,44.3,71.3,NaN,NaN,30.45
Office,Slab-on-grade,1.8,43.4,1.78,0.4,0.0,5,5417.0,31.3,80.3,1.03,74.2,28.94
Retail,Slab-on-grade,0.98,43.3,0.68,0.15,0.84,1,818.2,NaN,63.3,1.1,40.6,8.79
Office,Raised slab,0.35,21.5,0.42,0.65,1.06,5,12365.7,30.8,70.6,1.17,49.4,0.69
Office,Basement,1.92,82.8,0.75,0.42,1.61,5,3688.9,NaN,65.1,1.0,51.5,10.22
Warehouse,Slab-on-grade,2.79,119.2,1.0,0.3,0.85,2,19528.3,38.9,77.9,0.78,45.6,49.97
Retail,Pile/Pier,1.35,64.9,NaN,1.72,0.2,1,4430.6,6.7,99.0,1.35,44.9,4.35
Warehouse,NaN,3.89,162.0,1.84,0.45,NaN,1,14101.0,2.0,82.6,1.15,94.6,91.61
Office,Pile/Pier,0.79,NaN,0.11,1.47,0.0,3,6682.0,10.5,80.1,1.58,77.8,2.11
Healthcare,Pile/Pier,0.88,22.4,0.89,1.91,0.0,3,33097.4,42.7,66.2,2.03,61.2,3.88
Healthcare,Pile/Pier,2.08,89.2,0.48,1.16,0.0,5,16171.4,17.3,92.4,1.31,54.3,22.88
School,Basement,2.04,52.2,1.02,0.37,0.0,4,14364.2,75.5,57.7,0.92,67.1,53.72
Retail,Raised slab,4.67,199.4,1.74,0.61,1.32,1,2437.5,19.5,75.4,1.01,NaN,100.0
Retail,Raised slab,0.8,26.2,0.96,0.24,1.25,3,1283.4,30.8,89.7,1.05,NaN,2.01
Retail,Raised slab,2.87,121.8,0.96,0.75,0.92,1,3313.0,51.1,60.2,0.67,NaN,86.78
Warehouse,Raised slab,0.62,37.5,0.46,NaN,1.17,1,26794.9,56.1,73.2,0.85,44.3,2.71
Warehouse,Pile/Pier,1.36,68.7,0.62,1.72,0.6,1,29246.8,57.0,NaN,1.24,NaN,0.0
Warehouse,Raised slab,0.25,24.3,0.0,0.78,NaN,1,40958.9,NaN,62.3,0.57,51.4,2.77
Office,Basement,1.85,NaN,1.27,0.39,1.6,7,3031.0,NaN,61.2,1.33,42.4,8.42
Healthcare,Pile/Pier,1.04,55.6,0.54,1.84,0.49,2,32339.8,33.3,74.7,NaN,85.5,5.15
Warehouse,Slab-on-grade,0.48,29.3,0.7,0.35,1.8,1,12701.5,36.5,67.5,1.37,62.4,1.31
Office,Slab-on-grade,1.27,62.6,0.63,0.2,1.53,3,12444.1,28.1,78.0,1.27,57.0,2.92
Office,NaN,3.46,148.7,1.07,0.29,0.88,7,6470.8,23.3,72.6,0.96,43.1,50.86
Healthcare,Raised slab,1.88,79.8,0.88,NaN,0.14,3,14222.7,25.0,80.9,1.07,54.6,35.37
School,Pile/Pier,4.45,184.9,1.88,1.69,0.0,1,4558.6,29.1,93.6,1.39,50.7,81.26
Warehouse,Slab-on-grade,2.8,139.0,1.32,0.34,1.8,1,19211.7,16.7,92.7,1.69,80.9,28.44
Office,Basement,1.29,54.5,1.16,0.46,1.24,3,6847.6,50.5,61.8,1.23,51.3,3.54
Healthcare,Basement,NaN,161.1,1.35,0.14,1.52,4,12449.3,38.4,72.5,1.22,80.9,68.65
NaN,Slab-on-grade,2.23,103.8,0.84,0.38,NaN,6,2226.3,39.6,69.6,1.05,45.1,20.99
Office,Basement,1.99,NaN,0.98,0.12,0.92,4,7388.6,64.6,72.4,NaN,64.1,39.71
Office,Basement,2.06,86.3,NaN,NaN,1.24,4,7866.4,17.4,76.9,NaN,46.2,27.81
Warehouse,NaN,2.3,101.7,1.14,0.36,0.0,1,5592.7,NaN,85.5,1.48,76.4,56.0
Healthcare,Basement,1.46,66.3,0.6,0.34,0.64,2,9105.6,15.0,91.0,1.27,NaN,43.83
School,Basement,1.54,78.2,NaN,0.19,0.0,2,13867.1,2.0,99.0,1.74,95.0,49.9
Retail,Slab-on-grade,1.51,66.6,1.06,0.26,1.35,4,13433.0,26.8,75.8,1.0,70.4,7.45
Warehouse,Slab-on-grade,2.8,120.8,1.02,0.34,1.3,2,9419.4,22.1,75.0,0.63,63.2,39.8
Retail,Pile/Pier,1.51,39.1,0.76,1.56,0.03,3,2283.0,50.7,66.4,0.75,49.9,5.69
Warehouse,Slab-on-grade,1.43,64.8,0.67,0.36,1.16,2,16419.5,34.1,84.6,0.77,73.1,7.6
Retail,NaN,0.64,NaN,0.37,0.34,1.52,1,4084.5,12.6,83.6,1.2,55.4,1.67
Retail,Slab-on-grade,2.23,52.1,1.76,0.18,1.04,1,2242.2,55.8,NaN,0.74,19.8,84.35
Retail,Basement,2.79,NaN,1.09,NaN,0.13,1,9403.6,46.3,65.6,1.48,39.2,100.0
Retail,Raised slab,2.89,NaN,1.28,NaN,0.69,1,4792.5,36.7,58.4,0.25,30.4,100.0
Healthcare,Pile/Pier,1.75,85.1,1.12,1.84,0.25,3,15212.7,21.8,86.5,2.02,63.4,6.85
School,Slab-on-grade,2.56,122.5,1.15,0.44,1.67,2,4505.7,15.7,96.4,1.38,63.7,30.68
Office,Pile/Pier,2.23,100.1,0.84,1.49,NaN,5,13636.5,31.3,82.4,1.15,54.6,19.41
Warehouse,Slab-on-grade,0.71,45.3,0.48,0.28,0.19,2,30680.2,41.4,72.9,1.73,NaN,8.0
Retail,Slab-on-grade,2.14,96.8,0.83,0.45,1.39,2,2776.9,56.3,73.9,1.42,43.8,33.54
School,Raised slab,NaN,31.0,0.4,NaN,1.36,4,15764.7,NaN,74.8,0.64,44.7,0.0
Warehouse,NaN,0.62,NaN,0.31,0.25,1.2,1,10044.3,16.2,91.4,1.36,84.1,0.0
School,Pile/Pier,3.12,68.5,1.58,0.94,0.0,1,10858.6,13.0,76.9,0.54,58.3,64.63
NaN,Pile/Pier,2.23,53.7,1.5,1.38,0.0,5,3756.0,40.5,58.4,0.46,55.5,19.35
Warehouse,Slab-on-grade,1.07,56.0,0.37,0.23,1.67,1,NaN,2.0,99.0,1.14,79.0,0.0
School,Pile/Pier,0.28,8.8,0.92,1.66,0.0,2,14984.5,37.5,77.2,1.62,63.1,3.55
Retail,Pile/Pier,1.71,85.7,0.77,1.5,0.3,1,4896.9,25.8,89.5,1.09,NaN,12.65
Office,Pile/Pier,1.26,58.6,0.83,1.68,0.24,3,3939.3,29.6,66.6,NaN,47.5,1.82
Healthcare,Raised slab,2.48,106.5,0.59,0.57,0.96,5,16489.6,2.7,95.6,1.72,88.2,30.04
School,Basement,1.33,56.8,0.48,0.23,0.91,2,17731.9,40.7,79.7,1.2,56.9,23.48
School,Raised slab,1.91,97.0,0.64,0.79,NaN,2,6986.3,22.9,78.8,1.83,54.7,39.52
Warehouse,NaN,1.01,56.2,0.39,1.57,0.3,2,13846.8,5.3,99.0,1.21,95.0,0.59
Healthcare,Slab-on-grade,2.09,NaN,1.39,0.55,1.52,4,19929.1,2.0,98.0,2.11,87.3,17.31
Office,Basement,3.34,148.0,1.03,0.45,0.1,2,1981.5,37.5,75.0,1.53,67.1,88.52
Retail,Slab-on-grade,1.23,58.3,0.72,0.12,0.14,1,3130.9,54.6,52.5,0.47,45.9,78.34
Office,Raised slab,1.33,61.1,0.49,0.7,0.2,3,5435.0,67.9,55.9,0.82,22.5,20.78
Healthcare,Basement,2.97,125.5,1.37,0.45,0.11,7,33091.6,18.6,99.0,2.14,72.1,51.23
Office,Pile/Pier,2.95,127.4,1.01,1.43,0.2,5,7200.1,27.2,82.3,1.56,72.6,27.85
NaN,Basement,1.36,62.6,0.26,0.15,0.0,3,30000.0,40.0,66.4,0.83,45.2,52.41
Healthcare,Pile/Pier,3.08,73.4,1.87,1.54,0.0,3,30461.2,11.0,99.0,2.37,47.0,42.14
Warehouse,Slab-on-grade,2.88,75.5,1.62,0.07,0.0,1,11467.3,28.8,71.8,0.9,65.7,81.7
Retail,Raised slab,1.8,100.3,0.63,0.6,0.0,2,3600.7,39.5,83.1,1.21,48.2,50.43
Warehouse,Slab-on-grade,2.52,106.4,0.86,0.18,0.0,NaN,38354.4,43.6,59.6,0.58,37.8,84.47
Office,Slab-on-grade,1.58,73.3,0.93,0.32,0.0,4,9452.3,36.2,74.5,1.09,53.3,31.31
Warehouse,Slab-on-grade,4.06,94.4,2.66,0.26,1.04,1,4721.1,20.7,92.6,0.79,70.4,87.2
Office,Basement,1.94,48.8,1.22,0.26,NaN,4,9909.3,22.2,74.1,0.87,30.2,44.12
Retail,Raised slab,2.59,111.6,0.78,NaN,1.43,2,7019.2,15.6,83.2,0.78,68.3,47.44
Healthcare,Pile/Pier,0.27,23.1,0.02,1.21,0.0,3,35000.0,21.8,93.2,NaN,72.0,0.92
Office,Basement,0.3,17.5,0.12,0.38,1.22,5,5292.3,NaN,53.2,1.31,25.9,0.83
Office,Slab-on-grade,1.39,57.3,1.21,0.3,0.0,2,3420.2,54.4,68.1,NaN,48.7,48.35
Healthcare,Slab-on-grade,0.52,33.7,0.31,0.18,NaN,2,NaN,13.8,88.2,0.93,NaN,17.84
Healthcare,Basement,NaN,70.6,0.59,NaN,1.57,10,35000.0,45.9,84.0,1.87,84.3,1.53
School,Raised slab,2.01,NaN,0.68,0.88,1.05,5,21422.3,27.4,73.2,0.88,NaN,22.69
Healthcare,NaN,3.84,159.8,NaN,0.33,1.39,2,12334.7,24.7,74.7,1.52,76.2,97.96
School,Raised slab,2.94,121.2,1.44,0.71,1.03,2,9306.2,19.3,80.0,1.11,53.7,62.76
Office,Basement,1.0,60.0,0.67,0.42,1.61,2,1434.9,2.0,91.0,1.2,60.0,2.65
Retail,Slab-on-grade,2.06,88.4,0.89,0.16,0.0,2,8237.0,41.3,68.1,0.53,34.7,93.58
Office,Basement,1.05,50.7,0.58,NaN,0.92,6,3095.3,51.3,61.3,1.01,21.4,2.29
Warehouse,Raised slab,0.92,44.8,0.0,0.51,0.92,3,20123.6,19.5,68.3,0.72,69.6,2.52
NaN,Raised slab,0.61,20.2,0.95,0.75,0.9,3,13078.8,33.1,75.0,1.05,NaN,3.83
Retail,Pile/Pier,4.04,165.4,2.08,2.19,0.0,1,2867.7,35.7,75.3,1.33,18.2,81.3
Retail,Raised slab,0.37,15.7,0.21,NaN,1.04,2,3470.3,4.6,86.9,0.55,46.7,2.12
Warehouse,Raised slab,4.46,107.8,2.16,0.47,1.07,1,5496.4,15.5,88.0,1.06,83.8,80.12
Office,Basement,0.83,39.9,NaN,0.0,1.24,7,6712.6,52.3,64.5,1.29,28.0,0.38
School,Slab-on-grade,2.77,119.8,NaN,0.36,1.7,4,21476.6,NaN,81.5,1.53,60.5,27.54
School,Basement,1.05,53.7,0.26,0.27,0.31,2,18805.7,37.0,69.4,1.23,48.1,36.79
School,Raised slab,1.63,41.9,1.56,0.5,0.0,2,8094.1,8.9,89.3,0.99,23.9,39.66
Office,Pile/Pier,1.81,76.7,0.95,1.87,NaN,3,2187.4,46.4,68.3,1.17,50.0,3.1
Warehouse,Pile/Pier,3.81,165.5,NaN,1.59,0.0,1,NaN,23.4,70.3,1.06,69.1,48.1
Warehouse,Raised slab,3.01,141.1,1.03,0.96,0.0,2,45000.0,2.0,99.0,1.37,75.9,41.29
School,Raised slab,3.81,NaN,1.43,0.54,0.92,NaN,6972.8,51.8,58.0,1.24,30.5,98.27
Healthcare,Slab-on-grade,1.21,62.1,0.64,0.29,0.66,4,19699.2,14.7,81.1,1.74,52.4,22.58
Warehouse,Slab-on-grade,2.17,102.0,1.1,NaN,0.95,1,NaN,11.0,89.4,0.99,54.2,49.14
Healthcare,Raised slab,2.56,109.1,1.02,0.78,0.0,7,22199.9,27.8,82.0,2.34,64.4,33.42
Office,Raised slab,2.47,103.4,0.83,0.67,1.76,NaN,4053.6,58.7,67.1,1.21,65.6,26.24
School,Basement,1.05,51.0,0.66,0.22,NaN,4,19682.6,14.7,91.5,0.38,NaN,23.07
School,Slab-on-grade,2.31,121.2,1.38,0.15,1.02,4,30000.0,NaN,78.7,0.95,44.1,39.55
Retail,Pile/Pier,2.12,50.9,1.93,NaN,0.0,3,2627.2,34.4,70.8,0.66,45.4,21.47
Healthcare,Slab-on-grade,2.09,95.3,1.33,0.18,NaN,4,35000.0,34.7,82.2,1.91,50.7,50.55
Warehouse,Pile/Pier,2.82,122.0,1.01,1.38,NaN,1,9163.8,26.8,68.0,0.58,39.4,43.59
Warehouse,Pile/Pier,1.73,75.7,0.96,1.99,0.0,1,6002.6,18.1,91.8,0.82,89.8,0.0
Retail,Raised slab,1.19,37.1,1.27,0.89,1.54,1,3240.7,15.6,81.6,1.03,46.0,2.12
Office,Basement,3.21,NaN,1.24,0.13,0.64,2,2349.0,39.6,83.1,0.9,47.9,95.07
Warehouse,NaN,3.08,158.4,1.12,0.39,0.13,1,15529.5,6.8,98.7,1.16,73.6,74.83
Warehouse,Pile/Pier,4.28,178.5,NaN,2.06,0.13,1,45000.0,2.0,94.5,1.46,94.6,46.23
Office,Raised slab,3.5,83.6,1.74,0.59,0.62,6,13446.1,45.9,67.6,0.99,56.5,41.63
Warehouse,Slab-on-grade,3.37,144.0,1.06,0.19,0.92,1,10369.9,38.5,81.2,0.56,67.1,76.4
Warehouse,Raised slab,2.34,55.6,1.86,0.63,1.41,2,27821.5,2.0,79.3,1.49,84.2,23.76
School,Raised slab,2.49,58.6,1.09,0.71,0.0,3,7287.1,14.8,85.5,1.43,73.6,41.55
School,Basement,1.29,63.0,0.7,0.22,1.09,3,7925.1,42.5,83.6,1.9,50.3,7.68
Retail,Slab-on-grade,NaN,92.6,0.41,0.4,1.25,3,3694.9,58.9,64.3,0.87,54.7,33.08
NaN,Raised slab,3.8,158.6,2.05,0.92,0.0,5,6926.5,38.4,67.3,1.37,44.3,61.74
Retail,Slab-on-grade,3.29,77.5,2.32,0.28,0.0,3,NaN,17.1,84.4,1.01,47.7,82.5
NaN,Slab-on-grade,1.38,59.2,0.24,0.4,0.97,1,9005.2,21.1,75.2,0.61,72.6,17.14
Office,Raised slab,2.97,69.6,2.04,0.59,1.45,4,5430.5,62.7,56.6,NaN,25.8,41.35
Retail,Slab-on-grade,3.35,146.2,1.36,0.23,1.25,1,7037.3,18.3,84.9,1.04,67.5,100.0
Retail,Slab-on-grade,1.5,37.5,1.37,NaN,0.0,1,1284.1,16.0,85.9,0.75,NaN,59.68
School,Pile/Pier,3.63,NaN,1.61,1.61,0.01,NaN,4185.5,23.8,83.6,0.61,83.6,63.47
Warehouse,Slab-on-grade,2.26,112.2,0.76,0.57,1.64,1,12620.6,8.7,99.0,1.23,95.0,18.91
Retail,Raised slab,1.56,NaN,0.68,NaN,1.28,1,5565.4,29.8,66.1,0.61,41.4,14.93
Retail,Slab-on-grade,1.07,53.4,0.11,0.39,NaN,1,3884.5,52.4,63.0,NaN,62.3,0.0
NaN,Pile/Pier,2.01,NaN,0.89,1.96,0.36,2,17807.5,29.5,77.7,1.95,83.4,3.96
Retail,Raised slab,1.5,41.9,0.67,0.94,1.6,3,3254.7,24.2,76.4,0.99,52.2,0.7
Office,Raised slab,1.99,112.9,1.16,0.79,1.42,1,5395.6,32.7,71.4,1.41,35.8,31.38
Retail,Raised slab,0.9,54.4,0.09,0.9,1.57,2,5469.1,4.6,94.5,1.23,40.0,1.71
Office,Basement,0.63,29.9,0.39,0.14,1.19,2,3854.1,53.9,69.9,0.68,41.5,2.33
Office,Basement,3.93,166.3,1.83,0.26,1.1,7,4771.6,36.6,80.2,NaN,40.0,54.11
School,Slab-on-grade,3.46,144.6,1.85,0.46,1.63,4,8260.0,28.9,73.4,NaN,68.5,50.18
Retail,NaN,3.35,139.9,1.8,1.82,0.0,2,5641.9,75.9,49.3,0.73,54.3,64.95
Warehouse,Slab-on-grade,0.61,40.4,0.6,0.38,0.0,2,4518.9,28.8,70.3,0.66,76.0,6.6
Retail,Slab-on-grade,1.05,60.1,0.51,0.24,NaN,NaN,7631.4,16.7,72.1,0.28,29.7,56.08
School,Basement,4.51,202.6,2.09,0.18,0.0,5,11821.7,24.8,74.4,0.91,59.6,97.72
School,Raised slab,2.19,101.1,1.0,0.55,0.58,4,15444.5,51.5,66.9,1.2,33.4,50.03
Office,Pile/Pier,0.98,47.9,0.53,1.72,NaN,7,NaN,40.0,76.1,1.33,39.8,2.87
NaN,Basement,2.56,NaN,0.98,0.38,1.28,6,18835.0,4.9,NaN,2.09,78.9,32.75
Office,Basement,4.39,180.0,2.17,0.14,0.78,3,4006.8,54.5,65.4,NaN,27.7,100.0
Warehouse,Slab-on-grade,3.87,172.9,1.42,0.26,NaN,2,14609.1,13.3,81.6,1.07,64.1,57.59
Office,Basement,1.28,55.6,0.31,0.28,1.11,3,3226.5,71.7,61.5,NaN,NaN,7.45
Retail,Basement,2.26,98.9,1.07,0.02,NaN,2,1754.9,44.2,72.2,0.98,46.8,65.17
Office,Slab-on-grade,0.92,45.4,0.05,0.4,0.9,2,2593.2,29.9,74.8,1.44,49.5,1.48
Warehouse,Slab-on-grade,1.54,NaN,1.13,0.31,1.24,2,31052.2,44.5,67.7,0.93,46.1,13.53
School,Raised slab,2.51,115.9,1.44,0.76,1.33,1,10212.5,33.2,72.8,1.36,50.6,56.45
School,Pile/Pier,2.96,67.4,1.79,1.4,0.6,1,5629.8,46.5,NaN,1.2,73.6,67.02
Office,Raised slab,2.15,54.4,NaN,0.78,0.97,4,9502.7,46.7,73.0,0.98,61.9,28.38
Healthcare,Basement,1.83,81.1,0.62,0.27,1.8,7,20190.3,13.2,98.5,1.34,93.7,2.45
Office,Slab-on-grade,2.29,98.8,NaN,0.22,1.12,4,2011.4,26.4,73.2,1.29,57.8,31.26
Warehouse,Slab-on-grade,2.38,55.2,1.62,0.32,1.07,1,18176.0,40.5,62.2,0.99,55.4,52.85
Office,Basement,NaN,49.7,0.4,0.4,0.0,1,NaN,32.0,71.2,1.39,69.2,17.44
Office,Pile/Pier,1.94,100.4,1.01,1.57,0.0,5,8970.9,30.7,79.8,NaN,76.7,5.79
Office,Basement,3.11,138.6,0.8,0.47,0.86,8,3102.4,20.8,71.3,0.79,42.7,36.63
Retail,Pile/Pier,NaN,33.2,1.18,1.52,NaN,2,3283.3,34.4,81.5,0.46,38.8,0.67
NaN,Basement,2.13,NaN,NaN,0.33,0.0,NaN,8708.5,67.1,66.4,1.3,35.8,92.27
Office,Slab-on-grade,2.11,100.9,1.2,0.49,0.0,NaN,9899.1,18.8,86.1,NaN,44.2,34.49
Healthcare,Raised slab,3.21,137.8,1.42,0.47,1.57,4,14056.0,25.3,91.7,1.8,82.5,38.38
Retail,Raised slab,2.46,115.6,0.79,0.35,NaN,2,2726.1,49.2,64.4,0.45,31.5,49.83
School,Pile/Pier,3.02,125.7,1.28,NaN,0.0,2,4911.3,30.6,81.0,0.82,66.7,33.41
Retail,Pile/Pier,1.66,83.1,0.78,1.01,0.39,1,3187.1,34.8,63.6,0.64,68.3,34.24
Retail,Slab-on-grade,0.74,47.7,0.25,0.04,0.0,2,1452.4,12.1,94.5,1.02,47.3,32.87
NaN,Slab-on-grade,0.96,43.5,0.36,0.43,1.1,2,12432.3,NaN,69.7,1.06,54.3,0.0
Office,Slab-on-grade,0.39,21.6,0.69,0.15,0.74,3,3414.9,34.6,70.8,NaN,45.3,3.17
Office,Pile/Pier,3.89,165.1,1.41,2.12,0.0,NaN,800.0,55.7,80.1,1.25,39.2,53.48
Warehouse,Pile/Pier,2.61,116.2,1.01,1.58,0.32,1,NaN,43.0,71.3,1.35,65.5,30.98
Warehouse,Pile/Pier,2.8,65.7,1.96,1.73,0.0,1,15770.9,65.4,65.5,0.61,60.8,33.11
Retail,Slab-on-grade,2.53,112.3,1.58,0.35,0.0,1,6282.7,36.7,74.9,1.14,29.1,100.0
Retail,Raised slab,0.49,NaN,0.22,0.63,0.0,1,796.1,32.9,62.4,0.59,NaN,2.0
School,Raised slab,2.62,119.6,0.73,0.6,1.07,3,8369.5,35.3,67.9,NaN,47.3,45.49
Retail,Slab-on-grade,1.06,56.3,0.01,0.2,0.98,2,3603.6,22.7,93.0,0.75,NaN,4.35
Office,Basement,2.65,125.6,1.66,0.33,1.8,5,9038.6,44.1,73.0,1.45,53.6,28.51
Office,Slab-on-grade,4.11,96.5,1.57,0.43,1.08,4,2630.0,32.7,74.8,NaN,NaN,56.24
Healthcare,Slab-on-grade,NaN,152.5,1.53,0.37,1.0,NaN,35000.0,27.4,78.3,0.76,NaN,46.07
School,Pile/Pier,2.33,NaN,0.64,1.35,0.0,4,9940.3,54.4,66.2,0.8,36.8,25.52
Office,Basement,2.18,51.1,1.21,0.21,1.17,6,2638.8,19.9,86.3,1.36,NaN,25.0
Office,Basement,2.12,93.3,0.76,NaN,0.99,4,3891.1,58.5,61.1,0.8,47.2,36.25
Office,Basement,2.02,85.7,0.42,0.17,0.0,3,6847.2,61.7,NaN,1.15,22.0,71.0
Healthcare,Raised slab,1.2,NaN,0.8,0.75,1.02,10,15786.7,23.3,79.9,1.51,69.8,5.28
Office,Pile/Pier,2.32,101.9,1.08,1.97,0.46,3,NaN,2.0,86.9,1.33,69.4,4.88
Office,NaN,1.92,81.0,0.75,NaN,NaN,2,5188.9,27.1,84.8,0.87,NaN,38.43
Healthcare,Pile/Pier,3.91,161.6,1.49,1.97,0.42,5,20606.3,43.2,88.1,1.48,77.3,43.14
Office,Basement,1.79,44.4,1.57,0.57,0.0,1,1513.4,37.6,80.5,1.53,55.8,58.58
School,Slab-on-grade,NaN,147.8,1.45,0.27,1.2,5,6824.5,15.0,93.6,0.91,59.8,44.2
Office,Raised slab,3.05,75.4,2.09,0.91,1.8,4,4722.8,28.9,79.6,1.43,52.1,30.96
Office,Basement,0.51,29.8,0.16,0.15,0.62,4,3167.2,53.1,64.3,NaN,34.1,5.11
Office,Raised slab,0.66,37.5,0.45,0.64,1.06,4,4893.9,47.8,69.7,1.58,67.6,2.09
Healthcare,Pile/Pier,2.98,132.5,0.99,1.92,0.0,5,34730.4,21.7,85.3,2.14,64.7,25.01
Warehouse,Slab-on-grade,2.96,NaN,1.17,0.26,1.44,1,9218.6,18.1,96.0,NaN,77.7,45.34
Warehouse,Slab-on-grade,1.56,68.0,0.92,0.49,0.09,NaN,9043.3,17.7,93.6,1.33,61.2,36.23
Retail,Raised slab,2.0,84.8,1.1,0.92,0.0,2,2782.0,NaN,NaN,0.67,58.6,47.5
Healthcare,Pile/Pier,2.77,131.7,1.56,1.64,0.0,4,NaN,47.6,NaN,0.86,64.4,36.67
Office,Slab-on-grade,3.01,167.7,1.4,0.14,1.69,5,13442.5,32.2,75.2,0.88,58.9,37.41
Retail,Raised slab,0.45,17.9,1.03,0.59,1.13,1,3593.8,46.3,57.7,NaN,25.4,0.0
Warehouse,Slab-on-grade,2.62,111.7,1.28,NaN,0.0,1,12279.7,48.3,70.1,1.29,84.4,77.44
Office,Slab-on-grade,4.56,113.0,2.18,0.15,0.95,2,5037.5,56.0,54.5,1.0,31.8,100.0
Office,Basement,1.73,77.1,0.43,0.26,0.82,3,11317.0,30.2,84.7,0.5,NaN,41.38
Office,Basement,2.14,97.1,0.86,0.44,1.64,6,9512.0,45.3,75.2,1.83,36.7,15.29
NaN,Basement,1.05,51.1,0.23,0.2,0.0,6,16910.8,37.6,75.8,1.19,40.6,24.26
Office,Pile/Pier,1.29,33.9,1.25,1.61,0.41,3,4097.8,21.7,91.0,1.03,48.5,0.0
School,Raised slab,NaN,17.6,0.44,0.33,NaN,2,5123.3,37.5,76.0,0.53,45.7,2.57
Retail,Slab-on-grade,1.04,59.3,0.25,0.22,0.23,2,2229.0,10.3,NaN,0.73,45.9,37.55
Warehouse,Pile/Pier,2.67,115.9,1.39,NaN,0.6,1,7526.1,43.0,81.3,1.39,76.6,20.12
Warehouse,Slab-on-grade,1.63,77.0,0.44,0.25,1.61,1,34312.4,16.6,NaN,1.33,88.2,0.0
Retail,Raised slab,0.86,47.1,0.72,0.59,0.9,4,6860.1,31.0,77.5,0.73,11.2,4.1
Office,Basement,0.98,47.6,0.41,0.21,0.68,4,4141.1,43.1,59.5,0.43,44.8,15.32
Retail,Slab-on-grade,1.57,NaN,0.81,0.23,1.39,4,7162.9,24.1,79.7,1.06,51.3,9.04
School,Basement,2.4,NaN,NaN,0.42,NaN,2,9363.3,42.0,87.5,1.48,47.6,80.71
Retail,Slab-on-grade,2.29,104.1,1.09,NaN,NaN,2,NaN,20.9,84.3,0.73,29.4,54.0
School,Raised slab,4.23,179.6,1.71,0.77,0.65,1,7083.7,46.8,67.3,1.18,47.9,100.0
Retail,Slab-on-grade,1.69,73.2,0.93,0.28,1.8,1,1108.2,7.8,91.6,0.83,61.4,1.1
School,Pile/Pier,1.5,69.5,0.45,2.37,0.0,2,9099.4,34.1,77.9,2.16,68.6,1.99
Retail,Slab-on-grade,2.24,99.6,0.52,0.35,0.23,1,2284.5,57.1,59.8,0.06,28.9,99.76
Retail,Pile/Pier,1.26,64.4,0.85,1.22,0.35,1,1246.2,13.0,79.5,0.55,8.6,3.65
Warehouse,Pile/Pier,1.6,NaN,1.12,1.25,0.09,NaN,16818.4,13.2,89.6,0.73,59.6,9.31
Healthcare,Basement,0.73,31.9,0.57,0.45,0.77,2,29504.4,32.2,83.7,NaN,49.6,1.25
Office,Basement,2.16,103.9,0.96,0.3,0.86,5,3559.8,41.2,69.8,1.12,69.3,39.66
Warehouse,Slab-on-grade,2.11,95.5,0.91,0.19,0.67,1,22048.2,29.6,NaN,0.82,69.2,51.73
School,Raised slab,1.25,57.8,0.41,0.66,0.0,1,6180.1,40.3,75.1,1.12,64.0,28.67
Warehouse,Slab-on-grade,1.21,58.2,0.44,0.28,1.25,1,10968.6,34.2,73.4,0.89,80.0,3.23
Healthcare,Basement,1.59,84.3,0.73,0.23,0.0,3,17035.5,40.5,79.3,2.01,68.1,52.0
Retail,Pile/Pier,1.71,90.8,0.79,1.91,0.0,2,3281.0,34.1,78.8,1.04,40.9,3.59
Office,Pile/Pier,1.64,72.0,0.54,1.52,0.0,2,5759.5,33.7,83.1,0.87,35.2,6.12
Retail,Pile/Pier,3.52,146.8,1.64,1.8,0.6,2,1801.2,38.1,72.8,1.1,18.7,57.39
School,Pile/Pier,3.93,161.9,1.81,1.58,0.0,1,15979.5,64.3,53.5,1.42,43.5,100.0
School,Raised slab,1.8,NaN,0.91,0.36,0.66,1,10766.3,29.7,74.9,1.23,48.3,54.79
Office,Basement,0.31,23.7,0.1,NaN,0.54,7,12730.5,20.5,72.4,0.83,44.6,0.97
Office,Pile/Pier,1.95,51.8,1.64,2.11,0.0,5,NaN,57.9,68.0,NaN,53.3,3.72
Warehouse,Slab-on-grade,1.55,75.0,0.84,0.28,0.0,1,5114.1,22.1,67.3,0.71,51.6,40.94
Warehouse,NaN,3.31,145.7,NaN,1.3,0.0,2,30482.9,2.0,99.0,1.28,71.3,30.29
School,Raised slab,4.08,NaN,1.75,0.75,0.0,2,5599.7,46.4,78.0,1.53,48.6,87.33
NaN,Basement,0.79,53.6,0.8,0.36,1.32,6,7946.5,28.4,56.4,NaN,55.2,0.53
Retail,Raised slab,0.99,31.4,1.49,0.6,0.16,2,6137.2,26.6,NaN,0.66,35.6,17.81
Office,Pile/Pier,2.18,93.0,1.17,1.23,0.6,5,6155.4,44.0,75.5,NaN,36.9,19.45
Warehouse,NaN,3.4,142.7,1.28,NaN,NaN,3,35114.1,27.0,79.6,1.0,74.2,37.8
Office,Basement,1.28,65.0,0.61,0.1,1.02,2,3824.0,50.8,56.1,0.92,30.4,12.32
School,NaN,2.35,97.8,0.96,0.54,1.11,NaN,6129.8,24.6,72.9,0.76,43.1,34.12
Retail,NaN,NaN,123.9,1.23,0.49,1.11,1,3492.2,35.7,66.5,0.85,49.9,96.06
School,Pile/Pier,1.83,78.6,0.69,1.66,0.44,1,9242.4,27.6,88.0,0.79,37.2,6.49
School,Basement,2.63,NaN,NaN,0.47,0.0,1,30000.0,44.6,69.3,1.09,62.2,100.0
Warehouse,Raised slab,2.17,51.9,1.34,0.45,0.54,1,5759.0,33.8,81.5,0.63,54.7,50.28
Office,Raised slab,4.05,166.8,1.48,0.78,0.0,4,5119.4,21.2,82.2,1.03,41.9,54.61
Office,Basement,1.8,77.7,0.91,0.29,0.98,4,3933.7,57.5,61.9,1.1,67.2,29.04
Office,NaN,1.55,37.9,1.65,NaN,0.0,4,5436.8,28.4,65.3,0.89,59.8,39.91
Warehouse,Slab-on-grade,1.27,55.1,0.14,0.34,0.0,1,9819.5,36.9,64.7,0.79,52.6,29.05
Warehouse,Slab-on-grade,2.28,56.1,2.01,0.21,1.07,1,6060.1,29.9,88.0,0.72,67.3,41.84
School,Pile/Pier,1.34,71.0,0.71,1.35,0.0,4,16720.0,63.2,58.1,0.76,22.9,2.96
School,Raised slab,1.15,56.3,0.4,0.72,NaN,2,8975.6,28.2,81.1,NaN,36.2,8.98
Healthcare,Pile/Pier,0.41,36.4,0.18,1.5,0.44,6,35000.0,20.1,98.6,1.49,49.6,2.95
Office,Raised slab,3.75,85.7,2.02,NaN,0.85,5,4619.9,37.7,69.8,0.6,40.5,49.1
Warehouse,NaN,3.01,127.6,NaN,NaN,1.65,2,45000.0,19.1,85.2,NaN,78.2,34.41
Retail,Slab-on-grade,2.01,NaN,NaN,0.46,0.19,2,3929.4,40.0,78.2,1.18,47.3,62.06
Retail,Slab-on-grade,2.53,114.4,NaN,0.17,0.89,3,8298.3,3.8,89.5,NaN,57.0,58.84
School,Basement,2.02,89.5,0.84,NaN,0.76,2,10583.7,14.1,87.5,0.64,55.4,53.0
Office,Basement,0.69,37.5,0.36,0.39,0.0,6,4764.8,18.8,91.1,1.27,44.2,8.9
Office,Basement,NaN,NaN,2.02,0.16,0.58,NaN,3840.9,55.1,62.1,0.84,NaN,79.66
Healthcare,Slab-on-grade,2.19,49.5,1.21,0.22,1.52,4,11026.2,NaN,78.1,2.12,75.6,25.34
Office,Basement,2.53,62.6,1.85,0.35,0.0,1,3498.7,36.1,73.9,1.25,49.5,99.75
School,Slab-on-grade,3.14,139.6,1.12,0.46,1.62,NaN,NaN,29.1,87.7,2.06,NaN,46.2
Office,Slab-on-grade,1.2,56.2,0.59,NaN,1.67,3,5291.4,39.3,75.8,NaN,67.5,5.37
Retail,Pile/Pier,NaN,121.5,1.42,1.61,0.0,1,6197.4,45.4,65.0,1.1,42.6,59.5
Retail,Raised slab,2.58,110.1,0.74,0.44,0.0,1,2551.2,14.1,82.5,0.6,6.2,86.24
Retail,Raised slab,0.94,45.2,0.69,0.76,0.98,3,1242.2,NaN,58.1,0.66,73.3,3.04
Healthcare,Raised slab,1.52,76.0,0.74,0.71,0.0,7,35000.0,38.7,NaN,0.88,53.5,20.61
Retail,Pile/Pier,1.19,53.0,0.57,1.72,0.0,2,2200.3,35.5,63.7,0.64,NaN,3.96
School,Basement,3.3,NaN,1.67,0.52,1.8,3,18844.8,35.2,70.1,1.94,69.2,56.28
Retail,Pile/Pier,3.77,87.6,1.62,1.65,0.6,1,1131.4,43.0,67.3,1.61,49.8,77.66
Healthcare,Raised slab,2.82,115.2,0.89,0.53,1.8,NaN,22980.9,2.0,83.7,1.49,69.7,24.48
Warehouse,Pile/Pier,2.07,90.1,0.66,1.62,0.0,2,NaN,34.8,76.7,0.53,49.8,10.91
Healthcare,Pile/Pier,2.52,121.5,1.17,1.34,0.0,3,5070.9,15.8,92.3,1.5,70.6,28.7
Office,Pile/Pier,0.62,31.5,0.21,1.7,NaN,3,4416.7,NaN,89.3,1.36,88.2,0.39
Office,Slab-on-grade,NaN,107.0,0.86,0.22,1.25,3,5019.9,47.2,63.5,1.05,40.2,46.04
Retail,Slab-on-grade,2.22,97.3,0.72,NaN,0.17,2,2920.2,48.6,58.2,1.04,40.1,77.6
School,Raised slab,2.93,128.5,1.29,0.72,NaN,2,11281.2,29.7,84.1,1.1,53.4,39.44
Office,Raised slab,NaN,36.3,1.18,0.77,0.95,4,5069.9,55.2,52.0,1.17,44.7,7.64
School,Pile/Pier,1.3,32.6,1.21,1.59,0.0,1,8664.5,59.4,58.7,1.6,72.3,3.57
School,Slab-on-grade,2.23,NaN,0.66,0.36,0.94,2,10876.9,54.4,53.2,1.26,54.3,51.19
Retail,Slab-on-grade,2.11,97.1,0.77,0.46,1.21,1,NaN,52.6,69.0,0.74,53.5,60.19
Healthcare,Raised slab,1.06,46.6,0.65,0.67,1.13,3,16724.1,35.4,76.9,1.35,68.3,1.88
Office,Slab-on-grade,2.11,95.2,0.83,0.6,1.16,1,NaN,39.4,75.6,1.13,81.6,45.68
Office,Raised slab,2.35,60.3,0.98,0.71,1.8,5,9152.4,9.2,99.0,1.43,51.2,15.82
NaN,Pile/Pier,0.77,38.5,0.37,1.35,0.42,5,NaN,NaN,93.0,1.64,39.5,1.56
School,Basement,0.55,NaN,0.74,NaN,0.99,3,9679.0,17.7,78.7,1.51,82.2,2.36
Healthcare,Slab-on-grade,3.09,128.1,0.96,0.35,1.51,6,NaN,NaN,69.3,NaN,54.3,44.8
NaN,NaN,2.09,99.6,0.65,0.18,0.9,2,3781.6,25.4,83.1,0.3,40.2,55.46
NaN,Raised slab,1.63,76.0,0.89,0.52,0.48,3,3514.6,40.2,74.1,0.32,61.0,31.12
Warehouse,Slab-on-grade,2.81,120.1,0.92,0.21,0.0,1,26783.8,32.8,80.5,0.73,65.4,88.78
Healthcare,Basement,1.91,83.1,0.97,0.28,1.12,4,12051.3,25.6,71.0,1.17,90.8,23.05
Healthcare,Basement,1.41,66.4,NaN,0.34,1.23,6,16106.3,48.7,75.9,NaN,63.2,6.42
Retail,Pile/Pier,0.89,26.6,0.6,1.73,0.0,2,NaN,18.7,77.8,1.39,46.4,0.48
School,NaN,1.13,50.2,0.49,0.25,0.64,4,30000.0,35.3,NaN,1.23,23.9,21.26
Retail,Slab-on-grade,1.09,27.5,0.72,NaN,0.75,3,NaN,16.9,84.9,0.18,42.6,10.73
Office,Pile/Pier,0.85,43.2,0.31,1.66,NaN,2,5571.7,14.2,91.0,1.22,NaN,1.02
Warehouse,Pile/Pier,0.49,29.6,0.29,NaN,0.11,1,NaN,14.2,87.8,1.18,81.8,2.44
Office,Pile/Pier,1.56,82.4,0.54,NaN,0.0,4,3527.6,NaN,80.4,0.78,59.9,7.87
Warehouse,Slab-on-grade,1.61,70.4,0.5,0.24,1.35,1,NaN,17.1,89.0,1.17,70.6,8.94
Retail,Pile/Pier,2.61,106.5,1.18,1.13,0.44,1,3474.7,17.6,82.9,0.51,43.8,61.12
